Mã giao dịch,Ngày bán,Tên mặt hàng,Mã sản phẩm,Số lượng,Đơn giá,Thành tiền,Mã nhân viên,Phương thức thanh toán,Mã khách hàng,Thành phố
HD0300001,2025-03-04 05:09,Sữa tươi Vinamilk có đường 180ml,SP007,10,6500,65000,NV041,Thẻ,KH362,Bình Phước
HD0300002,2025-03-25 15:02,Cafe lon Highlands,SP026,5,18000,90000,NV009,Thẻ,KH872,Cần Thơ
HD0300003,2025-03-14 09:46,Sữa tươi Vinamilk không đường 180ml,SP008,8,6500,52000,NV024,Chuyển khoản,,Hà Tĩnh
HD0300004,2025-03-05 02:49,Chổi lau nhà 360 độ,SP096,10,99000,990000,NV021,Thẻ,KH522,Thừa Thiên Huế
HD0300005,2025-03-23 17:20,File còng 4cm,SP082,10,26000,260000,NV041,MoMo,KH973,Lạng Sơn
HD0300006,2025-03-14 14:26,Kẹo Alpenliebe,SP016,5,5000,25000,NV009,Chuyển khoản,KH768,Hà Tĩnh
HD0300007,2025-03-22 13:34,Kem đánh răng P/S 100g,SP033,4,21000,84000,NV006,Chuyển khoản,,Quảng Bình
HD0300008,2025-03-10 08:06,Sữa rửa mặt Hazeline nghệ,SP034,4,34000,136000,NV021,MoMo,,Tiền Giang
HD0300009,2025-03-07 09:28,Kẹp bướm 32mm,SP084,9,5000,45000,NV010,MoMo,,Thái Nguyên
HD0300010,2025-03-11 14:40,Bật lửa gas mini,SP056,4,6000,24000,NV048,Tiền mặt,KH683,Cần Thơ
HD0300011,2025-03-02 16:17,Mì Hảo Hảo tôm chua cay,SP001,10,9000,90000,NV040,MoMo,,Đồng Nai
HD0300012,2025-03-15 21:12,Nước rửa tay Lifebuoy,SP036,1,25000,25000,NV035,Chuyển khoản,KH706,Bắc Giang
HD0300013,2025-03-06 14:24,Kẹp bướm 32mm,SP084,1,5000,5000,NV033,Tiền mặt,,Bến Tre
HD0300014,2025-03-05 01:49,Nước lau sàn Gift,SP037,4,31000,124000,NV035,MoMo,KH389,Kon Tum
HD0300015,2025-03-23 06:46,Đường Biên Hòa 1kg,SP042,7,25000,175000,NV013,ZaloPay,,Bắc Kạn
HD0300016,2025-03-08 04:32,Coca-Cola lon 330ml,SP022,3,9000,27000,NV027,Chuyển khoản,KH604,Sơn La
HD0300017,2025-03-14 21:20,Bình nước giữ nhiệt 500ml,SP072,9,65000,585000,NV005,Thẻ,KH433,Thái Nguyên
HD0300018,2025-03-14 14:55,Mì Hảo Hảo tôm chua cay,SP001,6,9000,54000,NV015,Chuyển khoản,KH079,Hòa Bình
HD0300019,2025-03-23 10:10,Sữa chua uống Probi,SP009,5,7000,35000,NV016,MoMo,,TP Hồ Chí Minh
HD0300020,2025-03-27 03:36,Cafe Nescafe đen đá,SP028,9,17000,153000,NV017,ZaloPay,KH498,Sơn La
HD0300021,2025-03-26 18:29,Muối i-ốt 500g,SP043,10,7000,70000,NV008,Tiền mặt,,Phú Yên
HD0300022,2025-03-17 10:03,File còng 4cm,SP082,2,26000,52000,NV037,ZaloPay,KH334,Đắk Lắk
HD0300023,2025-03-28 04:23,Bộ dao cạo râu Gillette,SP095,10,33000,330000,NV041,Tiền mặt,,Lai Châu
HD0300024,2025-03-26 01:22,Sữa tươi Vinamilk không đường 180ml,SP008,1,6500,6500,NV034,MoMo,KH684,Bình Định
HD0300025,2025-03-13 09:47,Sữa tươi Vinamilk có đường 180ml,SP007,7,6500,45500,NV027,MoMo,,Bắc Giang
HD0300026,2025-03-28 06:22,Bắp rang bơ đóng gói,SP048,8,11000,88000,NV035,ZaloPay,KH948,Tiền Giang
HD0300027,2025-03-19 22:17,Kẹp giấy lớn,SP069,1,5000,5000,NV022,Thẻ,KH381,Sóc Trăng
HD0300028,2025-03-09 18:37,Quạt mini USB,SP073,9,32000,288000,NV044,ZaloPay,,Thừa Thiên Huế
HD0300029,2025-03-21 05:36,Bắp rang bơ đóng gói,SP048,10,11000,110000,NV015,Thẻ,KH021,Bắc Kạn
HD0300030,2025-03-03 01:16,Ổ cắm điện 5 lỗ,SP057,3,35000,105000,NV038,MoMo,,Bình Dương
HD0300031,2025-03-06 02:22,Nước rửa tay Lifebuoy,SP036,9,25000,225000,NV002,MoMo,KH392,Ninh Bình
HD0300032,2025-03-02 03:30,Ổ cắm điện 3 lỗ,SP088,5,30000,150000,NV004,Chuyển khoản,KH598,Bắc Ninh
HD0300033,2025-03-02 07:39,Dầu ăn Tường An 1L,SP044,2,59000,118000,NV036,Tiền mặt,,Vĩnh Long
HD0300034,2025-03-01 07:36,Ổ cắm điện 3 lỗ,SP088,4,30000,120000,NV021,MoMo,KH098,Phú Yên
HD0300035,2025-03-13 03:27,Nước suối Lavie 500ml,SP018,10,7000,70000,NV002,Chuyển khoản,KH805,Bắc Ninh
HD0300036,2025-03-09 10:47,Miếng dán cường lực điện thoại,SP059,2,15000,30000,NV020,Chuyển khoản,KH272,Tiền Giang
HD0300037,2025-03-18 21:56,Chổi lau nhà 360 độ,SP096,5,99000,495000,NV036,Tiền mặt,,Hà Tĩnh
HD0300038,2025-03-25 17:08,Trà xanh không độ,SP019,5,10000,50000,NV027,Chuyển khoản,KH003,Bình Thuận
HD0300039,2025-03-10 20:15,Máy tính Casio FX-580,SP087,5,720000,3600000,NV017,Tiền mặt,KH484,Hải Phòng
HD0300040,2025-03-24 15:03,Sữa rửa mặt Hazeline nghệ,SP034,5,34000,170000,NV048,MoMo,KH468,Đắk Lắk
HD0300041,2025-03-14 07:25,Máy tính Casio FX-580,SP087,5,720000,3600000,NV048,ZaloPay,KH034,Bà Rịa - Vũng Tàu
HD0300042,2025-03-02 02:29,Trà xanh không độ,SP019,9,10000,90000,NV006,Tiền mặt,,Ninh Bình
HD0300043,2025-03-19 17:26,Kem đánh răng P/S 100g,SP033,5,21000,105000,NV046,ZaloPay,KH486,Hậu Giang
HD0300044,2025-03-01 02:04,Cafe Nescafe đen đá,SP028,6,17000,102000,NV032,Thẻ,KH691,Lai Châu
HD0300045,2025-03-09 10:32,Túi zipper đựng đồ,SP080,5,10000,50000,NV036,Tiền mặt,,Hải Phòng
HD0300046,2025-03-10 06:27,Gạo ST25 2kg,SP045,4,68000,272000,NV008,Chuyển khoản,KH086,Kiên Giang
HD0300047,2025-03-16 02:24,Dao kéo nhà bếp,SP071,6,28000,168000,NV047,Chuyển khoản,KH626,Quảng Ngãi
HD0300048,2025-03-21 12:24,Bánh gạo One One,SP014,9,10000,90000,NV043,Chuyển khoản,KH083,Tuyên Quang
HD0300049,2025-03-04 22:42,Bánh quy Cosy Marie,SP013,3,15000,45000,NV040,Chuyển khoản,KH753,Bắc Kạn
HD0300050,2025-03-22 22:26,Kẹp bướm 32mm,SP084,9,5000,45000,NV020,Chuyển khoản,KH080,Hải Dương
HD0300051,2025-03-09 07:17,Bột giặt Omo 400g,SP039,2,18000,36000,NV046,Thẻ,KH332,Thừa Thiên Huế
HD0300052,2025-03-24 08:53,Băng keo trong 5cm,SP062,8,10000,80000,NV049,Tiền mặt,,Đồng Tháp
HD0300053,2025-03-17 10:09,Thùng rác nhựa 10L,SP055,5,45000,225000,NV042,Chuyển khoản,KH296,Bà Rịa - Vũng Tàu
HD0300054,2025-03-26 11:39,Đường Biên Hòa 1kg,SP042,10,25000,250000,NV028,Tiền mặt,KH115,Phú Yên
HD0300055,2025-03-14 00:23,Nước mắm Nam Ngư 500ml,SP041,6,18000,108000,NV048,Tiền mặt,KH412,Long An
HD0300056,2025-03-18 11:48,Nước lau sàn Gift,SP037,3,31000,93000,NV026,MoMo,,Lào Cai
HD0300057,2025-03-11 19:04,Nước rửa tay Lifebuoy,SP036,10,25000,250000,NV020,Thẻ,,Trà Vinh
HD0300058,2025-03-15 17:01,Tương ớt Cholimex,SP098,3,12000,36000,NV013,ZaloPay,,Quảng Nam
HD0300059,2025-03-08 14:18,Chổi lau nhà 360 độ,SP096,9,99000,891000,NV019,Tiền mặt,KH845,Hưng Yên
HD0300060,2025-03-09 19:40,Nước xịt phòng hương lavender,SP092,8,42000,336000,NV037,MoMo,KH867,Đồng Tháp
HD0300061,2025-03-17 12:40,Chổi lau nhà 360 độ,SP096,1,99000,99000,NV015,MoMo,KH342,Vĩnh Long
HD0300062,2025-03-06 08:14,USB 32GB Kingston,SP076,3,110000,330000,NV006,MoMo,KH385,Lai Châu
HD0300063,2025-03-28 11:50,Sữa đậu nành Fami,SP011,3,6000,18000,NV030,Tiền mặt,,Long An
HD0300064,2025-03-09 16:53,Giấy vệ sinh Bless You 10 cuộn,SP031,9,48000,432000,NV027,MoMo,KH298,Tiền Giang
HD0300065,2025-03-14 10:59,Sữa đặc Ông Thọ,SP010,8,25000,200000,NV017,Chuyển khoản,KH690,Bạc Liêu
HD0300066,2025-03-05 21:34,Miếng lót chuột nhỏ,SP078,9,12000,108000,NV010,Tiền mặt,KH176,Vĩnh Phúc
HD0300067,2025-03-22 06:15,Bìa nhựa 2 mặt,SP067,8,8000,64000,NV042,Thẻ,,Bình Phước
HD0300068,2025-03-18 07:15,Tương ớt Cholimex,SP098,4,12000,48000,NV045,Thẻ,,Lào Cai
HD0300069,2025-03-02 07:39,Snack Lay’s vị khoai tây,SP005,6,12000,72000,NV004,Thẻ,KH785,Hậu Giang
HD0300070,2025-03-17 18:02,Kem đánh răng P/S 100g,SP033,2,21000,42000,NV029,Thẻ,KH303,Hưng Yên
HD0300071,2025-03-25 00:08,Sữa rửa mặt Hazeline nghệ,SP034,10,34000,340000,NV001,ZaloPay,KH685,Bình Định
HD0300072,2025-03-25 15:41,Quạt mini USB,SP073,3,32000,96000,NV008,MoMo,KH683,Ninh Thuận
HD0300073,2025-03-04 16:06,Giấy note 3x3,SP070,7,3000,21000,NV032,Thẻ,KH654,Bà Rịa - Vũng Tàu
HD0300074,2025-03-01 20:00,Bìa lá A4,SP083,6,12000,72000,NV040,ZaloPay,KH359,Nam Định
HD0300075,2025-03-08 21:27,Giấy decal in A4,SP086,5,19000,95000,NV034,Thẻ,KH993,Quảng Ninh
HD0300076,2025-03-20 19:23,Xà phòng Lifebuoy bánh,SP038,2,11000,22000,NV012,Chuyển khoản,KH777,Tây Ninh
HD0300077,2025-03-08 02:00,Máy tính Casio FX-580,SP087,7,720000,5040000,NV046,Thẻ,KH972,Tuyên Quang
HD0300078,2025-03-01 01:07,Pin tiểu Panasonic (2 viên),SP060,10,18000,180000,NV042,MoMo,KH115,Hải Dương
HD0300079,2025-03-11 08:47,Bánh gạo One One,SP014,1,10000,10000,NV035,Chuyển khoản,KH957,Hà Giang
HD0300080,2025-03-19 08:08,Tương ớt Cholimex,SP098,5,12000,60000,NV023,MoMo,KH971,Đồng Tháp
HD0300081,2025-03-05 20:54,Sữa tươi Vinamilk không đường 180ml,SP008,2,6500,13000,NV048,MoMo,KH439,Cao Bằng
HD0300082,2025-03-14 01:06,Sữa đặc Ông Thọ,SP010,9,25000,225000,NV022,MoMo,KH974,Đắk Nông
HD0300083,2025-03-07 16:37,Kẹo Alpenliebe,SP016,2,5000,10000,NV040,MoMo,KH972,Hậu Giang
HD0300084,2025-03-03 16:24,Giấy note 3x3,SP070,2,3000,6000,NV034,Tiền mặt,KH065,Phú Thọ
HD0300085,2025-03-01 18:14,Nước ép cam Twister,SP020,5,11000,55000,NV050,ZaloPay,KH678,Khánh Hòa
HD0300086,2025-03-21 21:54,Bánh quy AFC,SP049,3,16000,48000,NV009,Chuyển khoản,KH084,Quảng Ninh
HD0300087,2025-03-04 18:10,Trà sữa C2,SP025,2,9000,18000,NV009,MoMo,KH816,Sóc Trăng
HD0300088,2025-03-10 04:31,Khăn giấy ướt Bobby,SP030,9,22000,198000,NV020,Thẻ,KH148,Quảng Trị
HD0300089,2025-03-24 21:45,Phở ăn liền Vifon,SP003,3,8500,25500,NV047,Thẻ,KH210,Hải Phòng
HD0300090,2025-03-23 05:21,Ổ cắm điện 3 lỗ,SP088,7,30000,210000,NV049,Thẻ,KH394,Bình Dương
HD0300091,2025-03-04 04:20,Nước xịt phòng hương lavender,SP092,5,42000,210000,NV044,ZaloPay,KH299,Ninh Bình
HD0300092,2025-03-10 14:05,USB 32GB Kingston,SP076,9,110000,990000,NV038,MoMo,KH656,Trà Vinh
HD0300093,2025-03-16 08:57,Nước ngọt Pepsi 390ml,SP021,3,9000,27000,NV019,ZaloPay,KH146,Ninh Bình
HD0300094,2025-03-14 23:55,Kem đánh răng P/S 100g,SP033,5,21000,105000,NV027,ZaloPay,KH953,Bà Rịa - Vũng Tàu
HD0300095,2025-03-09 02:27,Kẹp bướm 32mm,SP084,7,5000,35000,NV003,Tiền mặt,KH859,Ninh Thuận
HD0300096,2025-03-11 12:46,Cafe Nescafe đen đá,SP028,2,17000,34000,NV016,Chuyển khoản,KH477,Hà Tĩnh
HD0300097,2025-03-01 07:55,Dao kéo nhà bếp,SP071,9,28000,252000,NV001,Chuyển khoản,,Bắc Ninh
HD0300098,2025-03-22 13:18,Ổ cắm điện 3 lỗ,SP088,1,30000,30000,NV010,MoMo,KH731,Quảng Trị
HD0300099,2025-03-12 23:02,Tương ớt Cholimex,SP098,8,12000,96000,NV011,Chuyển khoản,,Nam Định
HD0300100,2025-03-19 22:20,Khăn giấy rút Pulppy,SP029,7,22000,154000,NV032,Thẻ,KH857,Bắc Ninh
HD0300101,2025-03-03 02:54,Giấy in A4 Double A,SP085,10,68000,680000,NV008,Thẻ,KH444,Khánh Hòa
HD0300102,2025-03-21 15:39,Bánh Chocopie Orion,SP012,9,38000,342000,NV020,Tiền mặt,,Hưng Yên
HD0300103,2025-03-28 05:34,Muối i-ốt 500g,SP043,2,7000,14000,NV044,ZaloPay,KH706,Kon Tum
HD0300104,2025-03-02 09:24,Khẩu trang y tế hộp 50 cái,SP090,8,37000,296000,NV018,Thẻ,KH858,Nghệ An
HD0300105,2025-03-10 17:15,Cafe Nescafe đen đá,SP028,10,17000,170000,NV048,Tiền mặt,KH561,Hòa Bình
HD0300106,2025-03-01 03:22,Dầu gội Clear Men 170g,SP035,5,46000,230000,NV039,Chuyển khoản,KH157,Thanh Hóa
HD0300107,2025-03-22 15:09,Pin tiểu Panasonic (2 viên),SP060,8,18000,144000,NV043,Thẻ,KH473,Long An
HD0300108,2025-03-10 00:59,Redbull Thái Lan 250ml,SP024,8,12000,96000,NV033,ZaloPay,KH630,Cao Bằng
HD0300109,2025-03-13 20:23,Bộ dao cạo râu Gillette,SP095,10,33000,330000,NV010,Tiền mặt,KH989,Lào Cai
HD0300110,2025-03-09 01:43,Tương ớt Cholimex,SP098,8,12000,96000,NV013,Chuyển khoản,,Hà Nam
HD0300111,2025-03-27 14:35,Gôm Pentel,SP066,10,4000,40000,NV003,ZaloPay,,Hà Nội
HD0300112,2025-03-21 19:58,Sữa rửa mặt Hazeline nghệ,SP034,5,34000,170000,NV012,Thẻ,,Quảng Ninh
HD0300113,2025-03-12 19:08,Bánh Pía Sóc Trăng mini,SP051,2,15000,30000,NV017,MoMo,,Hà Tĩnh
HD0300114,2025-03-05 16:36,Kẹo Alpenliebe,SP016,5,5000,25000,NV029,Tiền mặt,KH393,Quảng Nam
HD0300115,2025-03-14 00:49,Kẹp giấy lớn,SP069,9,5000,45000,NV045,Chuyển khoản,KH923,Hà Tĩnh
HD0300116,2025-03-28 05:08,USB 32GB Kingston,SP076,10,110000,1100000,NV006,MoMo,KH707,Hà Tĩnh
HD0300117,2025-03-06 13:30,Miếng lót chuột nhỏ,SP078,1,12000,12000,NV019,Chuyển khoản,,Phú Yên
HD0300118,2025-03-27 21:57,Khăn giấy rút Pulppy,SP029,8,22000,176000,NV004,ZaloPay,KH118,Bà Rịa - Vũng Tàu
HD0300119,2025-03-28 08:34,Máy sấy tóc mini,SP089,2,95000,190000,NV006,Thẻ,KH699,Lào Cai
HD0300120,2025-03-15 23:22,Bút bi Thiên Long,SP063,4,5000,20000,NV031,ZaloPay,KH224,Ninh Thuận
HD0300121,2025-03-25 05:03,Trà lipton túi lọc hộp 25 gói,SP052,9,42000,378000,NV047,MoMo,KH040,Hải Dương
HD0300122,2025-03-06 11:45,Cafe G7 3in1,SP027,7,16000,112000,NV031,Tiền mặt,,Đồng Nai
HD0300123,2025-03-06 04:46,Dao rọc giấy nhỏ,SP061,7,8000,56000,NV009,Tiền mặt,KH402,Thừa Thiên Huế
HD0300124,2025-03-02 09:38,Đường Biên Hòa 1kg,SP042,1,25000,25000,NV048,Thẻ,,Thái Bình
HD0300125,2025-03-04 18:18,Balo laptop chống sốc,SP074,6,140000,840000,NV011,ZaloPay,KH551,Quảng Ninh
HD0300126,2025-03-08 08:49,Sữa rửa mặt Hazeline nghệ,SP034,5,34000,170000,NV045,Tiền mặt,,Tuyên Quang
HD0300127,2025-03-21 11:27,Muối i-ốt 500g,SP043,9,7000,63000,NV004,MoMo,,Trà Vinh
HD0300128,2025-03-13 01:37,Túi zipper đựng đồ,SP080,2,10000,20000,NV017,ZaloPay,,Thanh Hóa
HD0300129,2025-03-22 01:11,Dụng cụ cắt móng tay,SP094,9,17000,153000,NV017,Tiền mặt,KH535,Quảng Trị
HD0300130,2025-03-01 20:36,Redbull Thái Lan 250ml,SP024,3,12000,36000,NV036,Chuyển khoản,,Thái Nguyên
HD0300131,2025-03-01 09:35,Thước kẻ 20cm,SP065,8,6000,48000,NV031,Tiền mặt,KH928,Gia Lai
HD0300132,2025-03-26 15:36,Trà sữa C2,SP025,3,9000,27000,NV026,MoMo,KH640,Vĩnh Long
HD0300133,2025-03-07 03:06,Sữa đặc Ông Thọ,SP010,3,25000,75000,NV006,Chuyển khoản,KH958,Hưng Yên
HD0300134,2025-03-07 21:29,Máy tính Casio FX-580,SP087,9,720000,6480000,NV004,ZaloPay,KH351,Thanh Hóa
HD0300135,2025-03-24 13:22,Kẹp giấy lớn,SP069,2,5000,10000,NV023,Chuyển khoản,KH982,Quảng Ninh
HD0300136,2025-03-19 00:22,Nước rửa tay Lifebuoy,SP036,6,25000,150000,NV043,Chuyển khoản,KH878,Bắc Ninh
HD0300137,2025-03-08 01:01,Bắp rang bơ đóng gói,SP048,8,11000,88000,NV023,Chuyển khoản,,Kiên Giang
HD0300138,2025-03-05 12:24,Balo laptop chống sốc,SP074,2,140000,280000,NV048,ZaloPay,KH237,Cần Thơ
HD0300139,2025-03-02 18:21,Khay đựng hồ sơ,SP079,9,18000,162000,NV012,Thẻ,KH666,Phú Thọ
HD0300140,2025-03-23 06:25,Nước rửa tay Lifebuoy,SP036,3,25000,75000,NV034,MoMo,,Tiền Giang
HD0300141,2025-03-15 15:12,Kem đánh răng P/S 100g,SP033,10,21000,210000,NV012,Tiền mặt,KH642,Bình Định
HD0300142,2025-03-03 02:40,Sting dâu 330ml,SP023,5,10000,50000,NV038,Thẻ,,Khánh Hòa
HD0300143,2025-03-24 20:26,Ổ cứng SSD 240GB,SP075,10,620000,6200000,NV009,Chuyển khoản,KH675,Bạc Liêu
HD0300144,2025-03-23 20:10,Nước lau sàn Gift,SP037,2,31000,62000,NV022,MoMo,KH808,Đà Nẵng
HD0300145,2025-03-03 16:21,Dầu ăn Tường An 1L,SP044,4,59000,236000,NV017,Thẻ,KH070,Hòa Bình
HD0300146,2025-03-22 20:49,Coca-Cola lon 330ml,SP022,9,9000,81000,NV041,ZaloPay,KH843,Sóc Trăng
HD0300147,2025-03-23 06:23,Bột nêm Knorr 400g,SP097,7,35000,245000,NV029,ZaloPay,,Hưng Yên
HD0300148,2025-03-23 15:58,Máy tính Casio FX-580,SP087,3,720000,2160000,NV032,Chuyển khoản,,Đắk Lắk
HD0300149,2025-03-17 01:51,Máy tính Casio FX-580,SP087,9,720000,6480000,NV001,Tiền mặt,KH786,Tuyên Quang
HD0300150,2025-03-28 07:33,Bột nêm Knorr 400g,SP097,3,35000,105000,NV040,MoMo,KH735,Bình Dương
HD0300151,2025-03-16 07:52,Bánh tráng Tân Nhiên,SP004,2,12000,24000,NV014,Thẻ,,Lâm Đồng
HD0300152,2025-03-03 09:41,Chổi lau nhà 360 độ,SP096,9,99000,891000,NV019,ZaloPay,KH974,Bến Tre
HD0300153,2025-03-16 10:58,Bộ dao cạo râu Gillette,SP095,1,33000,33000,NV035,Tiền mặt,KH254,Thái Nguyên
HD0300154,2025-03-18 00:20,Khẩu trang y tế hộp 50 cái,SP090,7,37000,259000,NV050,Chuyển khoản,,Đà Nẵng
HD0300155,2025-03-04 02:29,Tai nghe nhét tai giá rẻ,SP058,9,35000,315000,NV030,Thẻ,KH474,Lâm Đồng
HD0300156,2025-03-21 10:01,Redbull Thái Lan 250ml,SP024,8,12000,96000,NV040,Tiền mặt,KH132,Quảng Trị
HD0300157,2025-03-27 02:43,Kẹo Alpenliebe,SP016,4,5000,20000,NV029,MoMo,KH331,Sơn La
HD0300158,2025-03-13 03:56,Trà xanh không độ,SP019,1,10000,10000,NV032,Tiền mặt,KH824,Quảng Ninh
HD0300159,2025-03-26 09:19,Bánh quy AFC,SP049,5,16000,80000,NV004,Thẻ,KH496,Kiên Giang
HD0300160,2025-03-24 05:41,Băng keo trong 5cm,SP062,8,10000,80000,NV013,Thẻ,KH836,Hưng Yên
HD0300161,2025-03-26 14:21,Chổi quét bụi mini,SP054,5,21000,105000,NV036,Thẻ,KH857,An Giang
HD0300162,2025-03-17 14:37,Bao cao su OK hộp 3 cái,SP091,2,27000,54000,NV018,Chuyển khoản,KH481,Thanh Hóa
HD0300163,2025-03-15 05:19,Tai nghe nhét tai giá rẻ,SP058,2,35000,70000,NV002,Chuyển khoản,KH408,Hà Nam
HD0300164,2025-03-23 05:23,Dao rọc giấy nhỏ,SP061,2,8000,16000,NV022,Chuyển khoản,KH403,Bình Dương
HD0300165,2025-03-24 07:32,Máy sấy tóc mini,SP089,7,95000,665000,NV009,Thẻ,KH901,Đà Nẵng
HD0300166,2025-03-10 03:45,Sữa tươi Vinamilk không đường 180ml,SP008,7,6500,45500,NV007,ZaloPay,KH904,Khánh Hòa
HD0300167,2025-03-04 23:41,Giấy decal in A4,SP086,8,19000,152000,NV038,Chuyển khoản,KH363,Cần Thơ
HD0300168,2025-03-10 05:58,Thùng rác nhựa 10L,SP055,6,45000,270000,NV024,MoMo,KH941,Khánh Hòa
HD0300169,2025-03-06 17:15,Nước suối Lavie 500ml,SP018,4,7000,28000,NV044,Thẻ,KH740,Bình Dương
HD0300170,2025-03-10 17:50,Bánh tráng cuốn mè,SP050,6,17000,102000,NV049,Chuyển khoản,KH971,Kon Tum
HD0300171,2025-03-11 04:33,Trà sữa C2,SP025,7,9000,63000,NV038,ZaloPay,KH113,Hà Nam
HD0300172,2025-03-18 10:25,Sữa tươi Vinamilk không đường 180ml,SP008,8,6500,52000,NV027,Thẻ,KH135,Đắk Nông
HD0300173,2025-03-16 18:54,Nước ép cam Twister,SP020,3,11000,33000,NV015,Chuyển khoản,KH913,Hà Nam
HD0300174,2025-03-09 17:21,Cafe Nescafe đen đá,SP028,6,17000,102000,NV004,MoMo,KH832,Tuyên Quang
HD0300175,2025-03-18 23:29,Trà xanh không độ,SP019,9,10000,90000,NV042,Chuyển khoản,KH394,Bắc Giang
HD0300176,2025-03-04 21:29,Túi zipper đựng đồ,SP080,3,10000,30000,NV035,Thẻ,KH570,Thừa Thiên Huế
HD0300177,2025-03-11 19:40,Bút bi Thiên Long,SP063,3,5000,15000,NV044,ZaloPay,KH669,Hải Phòng
HD0300178,2025-03-18 21:00,Máy tính Casio FX-580,SP087,7,720000,5040000,NV044,Thẻ,,Nghệ An
HD0300179,2025-03-26 16:18,Pin tiểu Panasonic (2 viên),SP060,7,18000,126000,NV003,ZaloPay,,Lào Cai
HD0300180,2025-03-12 11:59,Mì Omachi xốt spaghetti,SP002,6,11000,66000,NV019,Thẻ,,Cao Bằng
HD0300181,2025-03-28 16:42,Nước rửa tay Lifebuoy,SP036,6,25000,150000,NV015,Thẻ,KH844,Vĩnh Long
HD0300182,2025-03-10 14:24,Kẹo cao su Doublemint,SP015,6,6000,36000,NV002,MoMo,KH102,Gia Lai
HD0300183,2025-03-23 15:23,Nước suối Lavie 500ml,SP018,9,7000,63000,NV001,ZaloPay,KH798,Đồng Tháp
HD0300184,2025-03-25 02:17,Giấy vệ sinh Bless You 10 cuộn,SP031,4,48000,192000,NV045,Chuyển khoản,KH822,TP Hồ Chí Minh
HD0300185,2025-03-09 18:32,Khăn giấy ướt Bobby,SP030,7,22000,154000,NV018,Tiền mặt,KH854,Tiền Giang
HD0300186,2025-03-04 10:14,Kẹp bướm 32mm,SP084,10,5000,50000,NV033,Tiền mặt,KH698,Thanh Hóa
HD0300187,2025-03-22 17:50,Tai nghe nhét tai giá rẻ,SP058,4,35000,140000,NV016,MoMo,KH601,Kiên Giang
HD0300188,2025-03-28 18:13,Kẹo cao su Doublemint,SP015,6,6000,36000,NV028,ZaloPay,,Lào Cai
HD0300189,2025-03-13 08:53,Dụng cụ cắt móng tay,SP094,1,17000,17000,NV038,Thẻ,KH242,Nghệ An
HD0300190,2025-03-25 01:14,Kẹo cao su Doublemint,SP015,1,6000,6000,NV017,ZaloPay,KH770,Quảng Trị
HD0300191,2025-03-11 18:37,Nước ngọt Pepsi 390ml,SP021,3,9000,27000,NV047,Tiền mặt,KH704,Cà Mau
HD0300192,2025-03-02 14:32,Sữa tươi Vinamilk không đường 180ml,SP008,6,6500,39000,NV006,Chuyển khoản,KH036,Nam Định
HD0300193,2025-03-13 21:04,Sữa chua uống Probi,SP009,3,7000,21000,NV017,Chuyển khoản,KH332,Phú Yên
HD0300194,2025-03-16 21:21,Nước suối Aquafina 500ml,SP017,3,7000,21000,NV020,Thẻ,KH127,Gia Lai
HD0300195,2025-03-21 16:41,Kẹp bướm 32mm,SP084,1,5000,5000,NV030,MoMo,KH785,Điện Biên
HD0300196,2025-03-03 03:45,Bìa nhựa 2 mặt,SP067,6,8000,48000,NV033,Thẻ,KH554,Cà Mau
HD0300197,2025-03-19 04:48,Khay đựng hồ sơ,SP079,9,18000,162000,NV029,MoMo,,Hải Dương
HD0300198,2025-03-24 17:29,Giấy note 3x3,SP070,4,3000,12000,NV035,ZaloPay,KH914,Thái Nguyên
HD0300199,2025-03-02 07:33,Giấy vệ sinh Bless You 10 cuộn,SP031,7,48000,336000,NV037,ZaloPay,KH906,Đắk Lắk
HD0300200,2025-03-04 15:40,Thước kẻ 20cm,SP065,10,6000,60000,NV035,MoMo,,Thái Nguyên
HD0300201,2025-03-21 03:41,Giấy note 3x3,SP070,3,3000,9000,NV011,Thẻ,,Thái Bình
HD0300202,2025-03-10 01:00,Phở ăn liền Vifon,SP003,7,8500,59500,NV031,Tiền mặt,,Thái Bình
HD0300203,2025-03-11 15:52,Trà sữa C2,SP025,4,9000,36000,NV013,MoMo,KH447,Kon Tum
HD0300204,2025-03-14 01:54,Nước mắm Nam Ngư 500ml,SP041,1,18000,18000,NV019,MoMo,KH382,Thừa Thiên Huế
HD0300205,2025-03-01 01:37,Gôm Pentel,SP066,8,4000,32000,NV036,Thẻ,KH502,Đắk Nông
HD0300206,2025-03-10 19:55,Kẹo Alpenliebe,SP016,1,5000,5000,NV007,MoMo,KH849,Tiền Giang
HD0300207,2025-03-15 10:04,Chổi lau nhà 360 độ,SP096,9,99000,891000,NV012,Thẻ,KH492,Ninh Bình
HD0300208,2025-03-25 16:57,Bao cao su OK hộp 3 cái,SP091,4,27000,108000,NV041,ZaloPay,KH715,Nam Định
HD0300209,2025-03-03 18:29,Chổi quét bụi mini,SP054,9,21000,189000,NV014,Chuyển khoản,KH757,Tiền Giang
HD0300210,2025-03-26 05:03,Bìa lá A4,SP083,6,12000,72000,NV014,Chuyển khoản,,Điện Biên
HD0300211,2025-03-05 13:50,Bộ dao cạo râu Gillette,SP095,4,33000,132000,NV004,Tiền mặt,KH638,Quảng Ngãi
HD0300212,2025-03-28 17:55,Bánh quy AFC,SP049,9,16000,144000,NV049,Tiền mặt,KH756,Tuyên Quang
HD0300213,2025-03-02 02:23,Gôm Pentel,SP066,10,4000,40000,NV006,Chuyển khoản,KH694,Ninh Thuận
HD0300214,2025-03-12 18:03,Muối i-ốt 500g,SP043,2,7000,14000,NV001,ZaloPay,KH777,Hưng Yên
HD0300215,2025-03-07 03:31,Bánh gạo One One,SP014,2,10000,20000,NV006,MoMo,KH824,Bến Tre
HD0300216,2025-03-13 14:41,Nước lau sàn Gift,SP037,9,31000,279000,NV005,MoMo,,Nam Định
HD0300217,2025-03-09 23:49,Mì Omachi xốt spaghetti,SP002,2,11000,22000,NV032,ZaloPay,KH979,Hậu Giang
HD0300218,2025-03-09 23:27,Bánh quy Cosy Marie,SP013,2,15000,30000,NV040,Thẻ,KH525,Cà Mau
HD0300219,2025-03-25 04:54,Giấy in A4 Double A,SP085,6,68000,408000,NV008,Chuyển khoản,KH969,Đồng Nai
HD0300220,2025-03-16 11:29,Túi zipper đựng đồ,SP080,10,10000,100000,NV036,Thẻ,KH791,Hậu Giang
HD0300221,2025-03-13 08:43,Xà phòng Lifebuoy bánh,SP038,9,11000,99000,NV020,ZaloPay,KH456,Trà Vinh
HD0300222,2025-03-11 11:04,Bánh tráng cuốn mè,SP050,7,17000,119000,NV006,MoMo,KH469,Bình Dương
HD0300223,2025-03-26 10:15,Khay đựng hồ sơ,SP079,9,18000,162000,NV037,Thẻ,KH853,Nghệ An
HD0300224,2025-03-21 11:33,Ổ cắm điện 5 lỗ,SP057,4,35000,140000,NV030,Chuyển khoản,KH249,Đà Nẵng
HD0300225,2025-03-26 21:05,Cafe G7 3in1,SP027,4,16000,64000,NV006,MoMo,,Đà Nẵng
HD0300226,2025-03-26 19:11,Bánh tráng Tân Nhiên,SP004,10,12000,120000,NV016,Thẻ,KH196,Thanh Hóa
HD0300227,2025-03-21 12:28,Nước xả Comfort,SP040,1,52000,52000,NV021,MoMo,KH146,Tuyên Quang
HD0300228,2025-03-17 09:40,USB 32GB Kingston,SP076,5,110000,550000,NV036,MoMo,KH518,Quảng Ninh
HD0300229,2025-03-14 23:18,Bánh quy AFC,SP049,3,16000,48000,NV037,Chuyển khoản,,Bắc Kạn
HD0300230,2025-03-28 22:24,Sữa chua uống Probi,SP009,9,7000,63000,NV046,Thẻ,KH135,Đắk Lắk
HD0300231,2025-03-23 20:52,Cáp sạc Type-C,SP077,10,30000,300000,NV049,MoMo,KH388,Bình Phước
HD0300232,2025-03-20 02:55,Máy tính Casio FX-580,SP087,2,720000,1440000,NV017,ZaloPay,KH477,Vĩnh Long
HD0300233,2025-03-07 15:56,Nước suối Aquafina 500ml,SP017,6,7000,42000,NV042,ZaloPay,KH612,Cao Bằng
HD0300234,2025-03-15 14:10,Snack Lay’s vị khoai tây,SP005,2,12000,24000,NV044,Chuyển khoản,KH119,Quảng Ngãi
HD0300235,2025-03-02 23:06,Sữa đậu nành Fami,SP011,4,6000,24000,NV031,Thẻ,KH389,Nghệ An
HD0300236,2025-03-16 13:04,Bộ dao cạo râu Gillette,SP095,7,33000,231000,NV021,Chuyển khoản,KH092,Trà Vinh
HD0300237,2025-03-18 05:45,Sữa tươi Vinamilk có đường 180ml,SP007,8,6500,52000,NV017,Chuyển khoản,,Quảng Trị
HD0300238,2025-03-04 05:28,Gạo ST25 2kg,SP045,6,68000,408000,NV025,Chuyển khoản,KH845,Khánh Hòa
HD0300239,2025-03-24 09:15,Kẹo cao su Doublemint,SP015,6,6000,36000,NV015,ZaloPay,KH577,Bắc Giang
HD0300240,2025-03-02 22:28,Bìa nhựa 2 mặt,SP067,1,8000,8000,NV027,MoMo,KH002,Quảng Bình
HD0300241,2025-03-24 16:38,Bánh quy Cosy Marie,SP013,7,15000,105000,NV002,MoMo,KH452,Hà Nội
HD0300242,2025-03-21 10:59,Nước mắm Nam Ngư 500ml,SP041,6,18000,108000,NV001,Tiền mặt,KH476,Đắk Nông
HD0300243,2025-03-05 08:37,Bìa còng A4,SP081,7,22000,154000,NV035,Thẻ,,Quảng Nam
HD0300244,2025-03-10 01:24,Bánh quy AFC,SP049,1,16000,16000,NV033,ZaloPay,KH849,Quảng Nam
HD0300245,2025-03-16 02:47,Bìa còng A4,SP081,6,22000,132000,NV004,Thẻ,KH970,Vĩnh Long
HD0300246,2025-03-05 05:49,Gôm Pentel,SP066,8,4000,32000,NV049,ZaloPay,KH949,Thái Bình
HD0300247,2025-03-10 17:30,Giấy decal in A4,SP086,2,19000,38000,NV008,Thẻ,KH559,Thái Nguyên
HD0300248,2025-03-23 13:15,Nước suối Lavie 500ml,SP018,10,7000,70000,NV037,Chuyển khoản,KH412,Lâm Đồng
HD0300249,2025-03-11 17:53,Bao cao su OK hộp 3 cái,SP091,2,27000,54000,NV043,Tiền mặt,KH257,Bạc Liêu
HD0300250,2025-03-28 07:48,Nước mắm Nam Ngư 500ml,SP041,1,18000,18000,NV012,Tiền mặt,KH854,Hải Dương
HD0300251,2025-03-17 08:07,Kem đánh răng P/S 100g,SP033,1,21000,21000,NV027,Chuyển khoản,KH137,Hải Dương
HD0300252,2025-03-23 03:55,Kem đánh răng P/S 100g,SP033,8,21000,168000,NV025,MoMo,KH192,Đà Nẵng
HD0300253,2025-03-04 11:35,Chổi quét bụi mini,SP054,6,21000,126000,NV012,Thẻ,KH293,Sơn La
HD0300254,2025-03-01 20:44,Băng keo trong 5cm,SP062,9,10000,90000,NV008,Tiền mặt,KH676,Lai Châu
HD0300255,2025-03-04 12:57,Coca-Cola lon 330ml,SP022,10,9000,90000,NV012,MoMo,KH767,Kiên Giang
HD0300256,2025-03-26 14:58,Bao cao su OK hộp 3 cái,SP091,4,27000,108000,NV023,ZaloPay,KH942,Bình Thuận
HD0300257,2025-03-15 13:23,USB 32GB Kingston,SP076,4,110000,440000,NV032,Thẻ,,Đồng Tháp
HD0300258,2025-03-22 14:37,USB 32GB Kingston,SP076,8,110000,880000,NV041,MoMo,KH737,Thừa Thiên Huế
HD0300259,2025-03-05 12:41,Phở ăn liền Vifon,SP003,10,8500,85000,NV034,ZaloPay,,TP Hồ Chí Minh
HD0300260,2025-03-19 11:53,Cáp sạc Type-C,SP077,3,30000,90000,NV036,Tiền mặt,KH779,Hải Phòng
HD0300261,2025-03-12 06:57,Chổi lau nhà 360 độ,SP096,2,99000,198000,NV002,Thẻ,KH983,Quảng Nam
HD0300262,2025-03-25 08:19,Miếng lót chuột nhỏ,SP078,2,12000,24000,NV005,ZaloPay,KH553,Đồng Tháp
HD0300263,2025-03-13 11:47,Bìa nhựa 2 mặt,SP067,2,8000,16000,NV006,ZaloPay,KH394,Hà Tĩnh
HD0300264,2025-03-19 07:33,Miếng dán cường lực điện thoại,SP059,7,15000,105000,NV021,Tiền mặt,KH980,Phú Yên
HD0300265,2025-03-25 16:43,Chổi lau nhà 360 độ,SP096,10,99000,990000,NV007,Thẻ,KH811,Vĩnh Phúc
HD0300266,2025-03-07 19:10,Bìa còng A4,SP081,4,22000,88000,NV007,Thẻ,KH986,Đồng Nai
HD0300267,2025-03-06 12:05,Tập vở 200 trang,SP064,7,14000,98000,NV041,MoMo,KH844,Ninh Bình
HD0300268,2025-03-13 06:43,Quạt mini USB,SP073,2,32000,64000,NV047,Chuyển khoản,KH024,Tuyên Quang
HD0300269,2025-03-09 03:35,Sáp thơm phòng,SP093,6,20000,120000,NV028,ZaloPay,KH162,Bến Tre
HD0300270,2025-03-03 20:32,Sáp thơm phòng,SP093,8,20000,160000,NV027,Thẻ,,TP Hồ Chí Minh
HD0300271,2025-03-20 12:09,Cáp sạc Type-C,SP077,4,30000,120000,NV021,MoMo,KH753,Phú Yên
HD0300272,2025-03-11 13:52,Sữa tươi Vinamilk không đường 180ml,SP008,6,6500,39000,NV047,Thẻ,KH680,Thái Nguyên
HD0300273,2025-03-15 22:47,Khẩu trang y tế hộp 50 cái,SP090,8,37000,296000,NV025,Tiền mặt,,Phú Yên
HD0300274,2025-03-09 04:09,Snack Lay’s vị khoai tây,SP005,10,12000,120000,NV030,Thẻ,KH689,Thừa Thiên Huế
HD0300275,2025-03-20 11:14,USB 32GB Kingston,SP076,1,110000,110000,NV017,MoMo,,Kiên Giang
HD0300276,2025-03-03 06:41,Bình nước giữ nhiệt 500ml,SP072,8,65000,520000,NV027,MoMo,KH356,Vĩnh Phúc
HD0300277,2025-03-12 20:24,Quạt mini USB,SP073,7,32000,224000,NV015,ZaloPay,KH996,Gia Lai
HD0300278,2025-03-07 09:58,Phở ăn liền Vifon,SP003,8,8500,68000,NV003,Chuyển khoản,KH662,Trà Vinh
HD0300279,2025-03-20 05:22,Miếng lót chuột nhỏ,SP078,3,12000,36000,NV039,MoMo,,Yên Bái
HD0300280,2025-03-26 12:27,Nước ép cam Twister,SP020,7,11000,77000,NV047,ZaloPay,,Nam Định
HD0300281,2025-03-24 05:55,Nước ngọt Pepsi 390ml,SP021,4,9000,36000,NV022,Thẻ,,Bắc Kạn
HD0300282,2025-03-24 22:06,Sting dâu 330ml,SP023,1,10000,10000,NV033,Thẻ,,Ninh Bình
HD0300283,2025-03-02 19:09,Tai nghe nhét tai giá rẻ,SP058,10,35000,350000,NV007,Thẻ,KH814,Quảng Nam
HD0300284,2025-03-14 17:54,Quạt mini USB,SP073,1,32000,32000,NV009,Thẻ,KH016,Lào Cai
HD0300285,2025-03-26 02:54,Gia vị nấu bún bò Huế,SP100,10,24000,240000,NV005,Thẻ,KH772,Khánh Hòa
HD0300286,2025-03-14 01:44,Gạo ST25 2kg,SP045,7,68000,476000,NV014,Tiền mặt,,Vĩnh Phúc
HD0300287,2025-03-11 07:45,Bánh tráng Tân Nhiên,SP004,2,12000,24000,NV041,ZaloPay,KH592,Vĩnh Long
HD0300288,2025-03-14 06:23,Nước rửa tay Lifebuoy,SP036,3,25000,75000,NV003,Thẻ,KH697,Lai Châu
HD0300289,2025-03-26 05:13,Mì Omachi xốt spaghetti,SP002,5,11000,55000,NV021,Tiền mặt,,Phú Yên
HD0300290,2025-03-24 00:31,Phở ăn liền Vifon,SP003,1,8500,8500,NV029,Thẻ,KH615,Phú Thọ
HD0300291,2025-03-16 14:42,Bột giặt Omo 400g,SP039,2,18000,36000,NV017,Tiền mặt,KH305,Yên Bái
HD0300292,2025-03-24 03:59,Tập vở 200 trang,SP064,2,14000,28000,NV005,ZaloPay,KH207,Lào Cai
HD0300293,2025-03-03 16:48,Nước ép cam Twister,SP020,7,11000,77000,NV050,Thẻ,KH434,Hải Dương
HD0300294,2025-03-14 21:12,Dao kéo nhà bếp,SP071,5,28000,140000,NV021,ZaloPay,KH262,Quảng Ninh
HD0300295,2025-03-13 09:28,Kẹo cao su Doublemint,SP015,6,6000,36000,NV001,Chuyển khoản,KH067,Hà Nội
HD0300296,2025-03-15 20:23,Tập vở 200 trang,SP064,8,14000,112000,NV036,Chuyển khoản,KH399,Đắk Lắk
HD0300297,2025-03-07 09:59,Mì Hảo Hảo tôm chua cay,SP001,1,9000,9000,NV005,Tiền mặt,KH903,Kon Tum
HD0300298,2025-03-11 12:39,Nước suối Aquafina 500ml,SP017,10,7000,70000,NV017,ZaloPay,KH362,Nghệ An
HD0300299,2025-03-01 15:33,Mì Omachi xốt spaghetti,SP002,6,11000,66000,NV023,MoMo,,Quảng Nam
HD0300300,2025-03-11 22:51,Kẹp bướm 32mm,SP084,6,5000,30000,NV011,ZaloPay,KH029,Quảng Ninh
HD0300301,2025-03-03 04:05,Gạo ST25 2kg,SP045,7,68000,476000,NV025,MoMo,KH797,Tuyên Quang
HD0300302,2025-03-09 15:51,Mì Omachi xốt spaghetti,SP002,6,11000,66000,NV026,Thẻ,KH787,Nam Định
HD0300303,2025-03-03 02:21,Giấy vệ sinh Bless You 10 cuộn,SP031,2,48000,96000,NV008,Chuyển khoản,KH898,Bình Thuận
HD0300304,2025-03-09 08:05,Bao cao su OK hộp 3 cái,SP091,6,27000,162000,NV048,ZaloPay,KH554,TP Hồ Chí Minh
HD0300305,2025-03-28 06:17,Mì Hảo Hảo tôm chua cay,SP001,8,9000,72000,NV037,Chuyển khoản,KH768,Tây Ninh
HD0300306,2025-03-16 09:16,Cafe lon Highlands,SP026,10,18000,180000,NV044,Chuyển khoản,KH272,Bắc Ninh
HD0300307,2025-03-13 20:51,Coca-Cola lon 330ml,SP022,10,9000,90000,NV004,ZaloPay,,Cà Mau
HD0300308,2025-03-25 16:38,Gôm Pentel,SP066,10,4000,40000,NV031,Thẻ,KH761,Vĩnh Phúc
HD0300309,2025-03-02 08:19,Ổ cắm điện 3 lỗ,SP088,6,30000,180000,NV030,Tiền mặt,KH614,Ninh Thuận
HD0300310,2025-03-21 23:56,Sữa rửa mặt Hazeline nghệ,SP034,5,34000,170000,NV046,Chuyển khoản,KH720,Cà Mau
HD0300311,2025-03-12 15:12,Ổ cứng SSD 240GB,SP075,6,620000,3720000,NV044,Thẻ,KH722,Sóc Trăng
HD0300312,2025-03-20 10:14,Sữa tươi Vinamilk không đường 180ml,SP008,5,6500,32500,NV044,Tiền mặt,KH837,Bến Tre
HD0300313,2025-03-16 16:32,Giấy decal in A4,SP086,7,19000,133000,NV041,ZaloPay,KH055,Vĩnh Long
HD0300314,2025-03-27 21:40,Chổi lau nhà 360 độ,SP096,7,99000,693000,NV040,ZaloPay,KH242,Quảng Ninh
HD0300315,2025-03-08 12:21,Tập vở 200 trang,SP064,2,14000,28000,NV029,ZaloPay,,Nam Định
HD0300316,2025-03-22 04:13,Nước ép cam Twister,SP020,6,11000,66000,NV031,ZaloPay,,Hậu Giang
HD0300317,2025-03-13 02:46,Nước suối Lavie 500ml,SP018,10,7000,70000,NV015,Thẻ,KH909,Hòa Bình
HD0300318,2025-03-05 01:24,Gia vị nấu bún bò Huế,SP100,3,24000,72000,NV022,Thẻ,KH698,Đắk Nông
HD0300319,2025-03-16 07:33,Sữa tươi Vinamilk không đường 180ml,SP008,9,6500,58500,NV011,ZaloPay,KH496,Phú Yên
HD0300320,2025-03-04 04:18,Mì Hảo Hảo tôm chua cay,SP001,1,9000,9000,NV043,Chuyển khoản,KH036,Yên Bái
HD0300321,2025-03-05 00:29,Xà phòng Lifebuoy bánh,SP038,8,11000,88000,NV014,Thẻ,,Kiên Giang
HD0300322,2025-03-16 16:24,Kem đánh răng P/S 100g,SP033,2,21000,42000,NV047,ZaloPay,KH208,Bà Rịa - Vũng Tàu
HD0300323,2025-03-20 20:36,Băng keo trong 5cm,SP062,9,10000,90000,NV047,Thẻ,,Quảng Bình
HD0300324,2025-03-13 10:55,Bìa nhựa 2 mặt,SP067,10,8000,80000,NV021,ZaloPay,KH709,Hà Nội
HD0300325,2025-03-16 11:31,Cafe G7 3in1,SP027,4,16000,64000,NV032,Tiền mặt,KH563,Hà Nam
HD0300326,2025-03-04 21:07,Nến thơm mini,SP053,3,25000,75000,NV038,MoMo,,Vĩnh Phúc
HD0300327,2025-03-11 21:19,Phở ăn liền Vifon,SP003,4,8500,34000,NV030,Chuyển khoản,KH837,Đồng Tháp
HD0300328,2025-03-23 18:57,Nước suối Aquafina 500ml,SP017,9,7000,63000,NV018,Thẻ,KH230,Điện Biên
HD0300329,2025-03-08 11:57,Quạt mini USB,SP073,9,32000,288000,NV037,ZaloPay,KH841,Lào Cai
HD0300330,2025-03-15 14:33,Snack Lay’s vị khoai tây,SP005,2,12000,24000,NV039,MoMo,KH388,Điện Biên
HD0300331,2025-03-05 20:17,Khăn giấy ướt Bobby,SP030,5,22000,110000,NV018,Chuyển khoản,KH931,Quảng Ngãi
HD0300332,2025-03-19 22:50,Bánh tráng Tân Nhiên,SP004,9,12000,108000,NV033,MoMo,KH767,Bến Tre
HD0300333,2025-03-06 09:37,Nước xả Comfort,SP040,8,52000,416000,NV007,Tiền mặt,KH734,Cần Thơ
HD0300334,2025-03-05 16:33,Máy sấy tóc mini,SP089,9,95000,855000,NV035,Tiền mặt,,Hậu Giang
HD0300335,2025-03-13 22:32,Bình nước giữ nhiệt 500ml,SP072,1,65000,65000,NV035,ZaloPay,KH368,Thái Bình
HD0300336,2025-03-15 03:51,Bìa còng A4,SP081,3,22000,66000,NV034,Tiền mặt,KH096,Nam Định
HD0300337,2025-03-27 15:41,Ổ cắm điện 3 lỗ,SP088,7,30000,210000,NV038,Thẻ,KH981,Tuyên Quang
HD0300338,2025-03-26 02:40,Trứng gà CP hộp 10 quả,SP046,1,33000,33000,NV036,MoMo,KH453,Vĩnh Phúc
HD0300339,2025-03-25 02:24,Dụng cụ cắt móng tay,SP094,10,17000,170000,NV033,MoMo,KH192,Bình Dương
HD0300340,2025-03-16 15:46,Cafe G7 3in1,SP027,4,16000,64000,NV036,Tiền mặt,KH267,Vĩnh Long
HD0300341,2025-03-22 17:13,Bìa lá A4,SP083,3,12000,36000,NV031,ZaloPay,KH271,Bắc Ninh
HD0300342,2025-03-24 11:57,Trứng gà CP hộp 10 quả,SP046,3,33000,99000,NV010,ZaloPay,,Lai Châu
HD0300343,2025-03-16 13:17,Kẹp bướm 32mm,SP084,10,5000,50000,NV020,MoMo,KH729,Bạc Liêu
HD0300344,2025-03-05 07:09,Bột nêm Knorr 400g,SP097,1,35000,35000,NV002,ZaloPay,,Bạc Liêu
HD0300345,2025-03-06 04:07,Bánh Chocopie Orion,SP012,6,38000,228000,NV024,ZaloPay,KH622,Sóc Trăng
HD0300346,2025-03-26 02:05,Coca-Cola lon 330ml,SP022,9,9000,81000,NV027,ZaloPay,KH113,Hòa Bình
HD0300347,2025-03-20 21:11,Mì Hảo Hảo tôm chua cay,SP001,10,9000,90000,NV043,Chuyển khoản,KH286,Điện Biên
HD0300348,2025-03-23 13:21,Phở ăn liền Vifon,SP003,5,8500,42500,NV041,Thẻ,KH585,Trà Vinh
HD0300349,2025-03-12 09:11,Bìa còng A4,SP081,7,22000,154000,NV045,Tiền mặt,KH458,Bình Định
HD0300350,2025-03-27 16:48,Sữa chua uống Probi,SP009,6,7000,42000,NV018,Tiền mặt,,Quảng Ninh
HD0300351,2025-03-11 23:47,Coca-Cola lon 330ml,SP022,10,9000,90000,NV039,Tiền mặt,KH957,Kiên Giang
HD0300352,2025-03-08 07:22,Bìa nhựa 2 mặt,SP067,4,8000,32000,NV016,Tiền mặt,,Đắk Lắk
HD0300353,2025-03-18 10:28,Bánh quy AFC,SP049,5,16000,80000,NV033,Thẻ,KH227,Hậu Giang
HD0300354,2025-03-08 03:14,Tương ớt Cholimex,SP098,3,12000,36000,NV018,Chuyển khoản,KH634,Phú Yên
HD0300355,2025-03-02 12:51,Tập vở 200 trang,SP064,10,14000,140000,NV038,Thẻ,KH710,Đồng Tháp
HD0300356,2025-03-28 19:58,Dao kéo nhà bếp,SP071,5,28000,140000,NV016,Thẻ,KH201,Khánh Hòa
HD0300357,2025-03-04 04:56,Máy sấy tóc mini,SP089,5,95000,475000,NV010,MoMo,KH503,Thái Nguyên
HD0300358,2025-03-02 07:58,Sting dâu 330ml,SP023,2,10000,20000,NV007,Tiền mặt,KH388,Bình Phước
HD0300359,2025-03-21 07:44,Gia vị nấu bún bò Huế,SP100,7,24000,168000,NV039,Thẻ,KH674,Nam Định
HD0300360,2025-03-24 19:55,Trứng gà CP hộp 10 quả,SP046,10,33000,330000,NV015,ZaloPay,KH949,Lạng Sơn
HD0300361,2025-03-05 05:07,Cafe Nescafe đen đá,SP028,10,17000,170000,NV012,ZaloPay,KH882,Quảng Ninh
HD0300362,2025-03-26 11:04,Pin tiểu Panasonic (2 viên),SP060,2,18000,36000,NV043,Thẻ,,Đắk Nông
HD0300363,2025-03-13 00:50,Bìa lá A4,SP083,10,12000,120000,NV002,Tiền mặt,KH686,Hà Nam
HD0300364,2025-03-10 05:12,Bắp rang bơ đóng gói,SP048,2,11000,22000,NV042,ZaloPay,KH086,Vĩnh Phúc
HD0300365,2025-03-25 03:21,Bút bi Thiên Long,SP063,9,5000,45000,NV001,Chuyển khoản,KH151,Cao Bằng
HD0300366,2025-03-15 04:01,Sáp thơm phòng,SP093,1,20000,20000,NV012,Thẻ,KH486,Quảng Bình
HD0300367,2025-03-10 10:49,Gạo ST25 2kg,SP045,1,68000,68000,NV025,Thẻ,KH183,TP Hồ Chí Minh
HD0300368,2025-03-13 08:30,Đường Biên Hòa 1kg,SP042,8,25000,200000,NV014,Chuyển khoản,KH621,Quảng Nam
HD0300369,2025-03-13 07:06,Cafe G7 3in1,SP027,1,16000,16000,NV020,ZaloPay,KH929,Hưng Yên
HD0300370,2025-03-19 06:25,Bao cao su OK hộp 3 cái,SP091,1,27000,27000,NV020,ZaloPay,KH270,Yên Bái
HD0300371,2025-03-22 05:48,Kem đánh răng P/S 100g,SP033,1,21000,21000,NV041,MoMo,KH259,Nghệ An
HD0300372,2025-03-23 13:45,Balo laptop chống sốc,SP074,2,140000,280000,NV013,ZaloPay,KH318,Hậu Giang
HD0300373,2025-03-19 02:19,Ổ cắm điện 3 lỗ,SP088,2,30000,60000,NV009,Chuyển khoản,KH331,Tây Ninh
HD0300374,2025-03-08 06:59,Sữa đặc Ông Thọ,SP010,8,25000,200000,NV048,MoMo,KH518,Lâm Đồng
HD0300375,2025-03-12 13:31,Tương cà Heinz,SP099,3,17000,51000,NV035,MoMo,KH591,Ninh Thuận
HD0300376,2025-03-26 22:59,Bình nước giữ nhiệt 500ml,SP072,1,65000,65000,NV030,Thẻ,KH593,Thanh Hóa
HD0300377,2025-03-16 03:07,Pin tiểu Panasonic (2 viên),SP060,3,18000,54000,NV038,Tiền mặt,KH020,Long An
HD0300378,2025-03-23 18:12,Trà lipton túi lọc hộp 25 gói,SP052,5,42000,210000,NV025,ZaloPay,KH755,Bắc Giang
HD0300379,2025-03-26 12:55,Bìa nhựa 2 mặt,SP067,3,8000,24000,NV046,Chuyển khoản,KH719,Bà Rịa - Vũng Tàu
HD0300380,2025-03-09 03:29,Cafe G7 3in1,SP027,7,16000,112000,NV029,Chuyển khoản,KH929,Nghệ An
HD0300381,2025-03-23 10:28,Chổi quét bụi mini,SP054,8,21000,168000,NV016,Thẻ,KH304,Nam Định
HD0300382,2025-03-06 07:59,Túi zipper đựng đồ,SP080,6,10000,60000,NV001,MoMo,KH994,Phú Yên
HD0300383,2025-03-02 08:53,Miếng lót chuột nhỏ,SP078,5,12000,60000,NV042,Tiền mặt,KH890,Phú Yên
HD0300384,2025-03-08 04:28,Giấy vệ sinh Bless You 10 cuộn,SP031,2,48000,96000,NV007,Thẻ,KH995,Khánh Hòa
HD0300385,2025-03-17 02:32,Xà phòng Lifebuoy bánh,SP038,2,11000,22000,NV015,Chuyển khoản,,Thái Bình
HD0300386,2025-03-24 19:44,Bao cao su OK hộp 3 cái,SP091,8,27000,216000,NV013,Thẻ,KH497,Phú Thọ
HD0300387,2025-03-20 07:53,Nước xả Comfort,SP040,2,52000,104000,NV043,ZaloPay,,Thanh Hóa
HD0300388,2025-03-17 03:08,Muối i-ốt 500g,SP043,10,7000,70000,NV014,Chuyển khoản,KH440,Hưng Yên
HD0300389,2025-03-04 16:29,Bật lửa gas mini,SP056,8,6000,48000,NV030,Thẻ,KH330,Tiền Giang
HD0300390,2025-03-04 08:24,Ổ cắm điện 5 lỗ,SP057,3,35000,105000,NV023,Tiền mặt,KH632,Bắc Kạn
HD0300391,2025-03-24 21:30,Sting dâu 330ml,SP023,10,10000,100000,NV024,Thẻ,KH588,Long An
HD0300392,2025-03-02 01:24,Ổ cắm điện 5 lỗ,SP057,2,35000,70000,NV031,ZaloPay,KH183,Sóc Trăng
HD0300393,2025-03-02 16:46,Bộ dao cạo râu Gillette,SP095,5,33000,165000,NV050,Tiền mặt,KH975,Hà Tĩnh
HD0300394,2025-03-24 01:48,Bình nước giữ nhiệt 500ml,SP072,5,65000,325000,NV047,MoMo,KH599,Quảng Nam
HD0300395,2025-03-21 10:24,Dầu gội Clear Men 170g,SP035,10,46000,460000,NV017,MoMo,KH285,Lào Cai
HD0300396,2025-03-15 00:38,Bột giặt Omo 400g,SP039,9,18000,162000,NV039,Chuyển khoản,KH654,Kiên Giang
HD0300397,2025-03-18 16:20,Kẹo Alpenliebe,SP016,6,5000,30000,NV015,Chuyển khoản,KH239,Thái Bình
HD0300398,2025-03-20 07:59,Trà xanh không độ,SP019,10,10000,100000,NV038,Chuyển khoản,KH231,Đà Nẵng
HD0300399,2025-03-11 03:53,Cafe lon Highlands,SP026,6,18000,108000,NV002,ZaloPay,KH899,Quảng Bình
HD0300400,2025-03-18 04:30,Bút bi Thiên Long,SP063,9,5000,45000,NV034,MoMo,KH574,Lai Châu
HD0300401,2025-03-12 11:59,Tập vở 200 trang,SP064,5,14000,70000,NV043,Tiền mặt,KH768,Thừa Thiên Huế
HD0300402,2025-03-09 09:50,Bộ dao cạo râu Gillette,SP095,2,33000,66000,NV005,Chuyển khoản,KH243,Hậu Giang
HD0300403,2025-03-11 20:14,Dụng cụ cắt móng tay,SP094,3,17000,51000,NV024,MoMo,KH400,Hậu Giang
HD0300404,2025-03-24 14:31,Đường Biên Hòa 1kg,SP042,10,25000,250000,NV039,Thẻ,KH891,Tuyên Quang
HD0300405,2025-03-09 07:20,Xà phòng Lifebuoy bánh,SP038,2,11000,22000,NV038,ZaloPay,KH936,Bắc Kạn
HD0300406,2025-03-22 08:49,Nước ngọt Pepsi 390ml,SP021,10,9000,90000,NV012,Tiền mặt,KH596,Bình Định
HD0300407,2025-03-26 17:57,Sữa tươi Vinamilk không đường 180ml,SP008,2,6500,13000,NV029,Chuyển khoản,KH797,Gia Lai
HD0300408,2025-03-21 07:04,Miếng lót chuột nhỏ,SP078,10,12000,120000,NV036,ZaloPay,,Hà Giang
HD0300409,2025-03-14 03:06,Bàn chải P/S,SP032,4,15000,60000,NV025,ZaloPay,KH534,Hà Tĩnh
HD0300410,2025-03-10 06:12,Trà xanh không độ,SP019,3,10000,30000,NV043,Chuyển khoản,KH370,Phú Thọ
HD0300411,2025-03-21 01:53,Cáp sạc Type-C,SP077,8,30000,240000,NV046,Thẻ,KH309,Nghệ An
HD0300412,2025-03-01 18:46,Tương cà Heinz,SP099,4,17000,68000,NV017,MoMo,KH933,Ninh Thuận
HD0300413,2025-03-22 22:47,Trà lipton túi lọc hộp 25 gói,SP052,5,42000,210000,NV042,Thẻ,KH897,Quảng Ninh
HD0300414,2025-03-01 12:24,Nước mắm Nam Ngư 500ml,SP041,6,18000,108000,NV006,ZaloPay,KH390,Hà Nam
HD0300415,2025-03-09 08:03,Kẹp giấy lớn,SP069,10,5000,50000,NV034,ZaloPay,KH400,Kon Tum
HD0300416,2025-03-27 07:51,Ổ cắm điện 5 lỗ,SP057,7,35000,245000,NV010,Tiền mặt,KH507,Ninh Bình
HD0300417,2025-03-08 02:46,Khăn giấy ướt Bobby,SP030,2,22000,44000,NV003,ZaloPay,KH976,Phú Yên
HD0300418,2025-03-05 20:13,Bìa nhựa 2 mặt,SP067,5,8000,40000,NV012,MoMo,KH233,Tiền Giang
HD0300419,2025-03-04 00:47,Miếng dán cường lực điện thoại,SP059,3,15000,45000,NV014,ZaloPay,KH124,Kon Tum
HD0300420,2025-03-25 02:42,Ổ cắm điện 3 lỗ,SP088,4,30000,120000,NV024,Thẻ,,Quảng Bình
HD0300421,2025-03-14 20:41,Sữa đặc Ông Thọ,SP010,8,25000,200000,NV025,MoMo,KH938,Vĩnh Phúc
HD0300422,2025-03-02 01:51,Redbull Thái Lan 250ml,SP024,4,12000,48000,NV006,MoMo,KH386,Vĩnh Long
HD0300423,2025-03-27 00:59,Mì Hảo Hảo tôm chua cay,SP001,10,9000,90000,NV022,Thẻ,,Bà Rịa - Vũng Tàu
HD0300424,2025-03-02 18:05,Bánh Chocopie Orion,SP012,3,38000,114000,NV005,Tiền mặt,KH104,Tuyên Quang
HD0300425,2025-03-14 16:09,Giấy decal in A4,SP086,1,19000,19000,NV009,ZaloPay,KH966,Bắc Kạn
HD0300426,2025-03-23 02:52,Ổ cứng SSD 240GB,SP075,5,620000,3100000,NV002,Chuyển khoản,KH247,Hải Dương
HD0300427,2025-03-12 03:59,Kem đánh răng P/S 100g,SP033,9,21000,189000,NV014,ZaloPay,KH862,Đà Nẵng
HD0300428,2025-03-25 14:45,Giấy vệ sinh Bless You 10 cuộn,SP031,4,48000,192000,NV017,MoMo,KH928,Lào Cai
HD0300429,2025-03-15 03:33,Giấy in A4 Double A,SP085,6,68000,408000,NV028,MoMo,,Vĩnh Phúc
HD0300430,2025-03-19 01:04,Nước suối Lavie 500ml,SP018,7,7000,49000,NV047,Chuyển khoản,KH845,Hòa Bình
HD0300431,2025-03-10 23:40,File còng 4cm,SP082,5,26000,130000,NV007,MoMo,KH294,Thái Nguyên
HD0300432,2025-03-28 02:08,Bánh Chocopie Orion,SP012,2,38000,76000,NV028,Chuyển khoản,KH361,Yên Bái
HD0300433,2025-03-13 11:38,Nước suối Aquafina 500ml,SP017,3,7000,21000,NV050,Thẻ,,Vĩnh Long
HD0300434,2025-03-16 02:46,Kem đánh răng P/S 100g,SP033,9,21000,189000,NV008,MoMo,KH006,Trà Vinh
HD0300435,2025-03-10 17:10,Bột giặt Omo 400g,SP039,9,18000,162000,NV004,Chuyển khoản,KH947,Lạng Sơn
HD0300436,2025-03-17 23:05,Máy sấy tóc mini,SP089,8,95000,760000,NV040,ZaloPay,,Quảng Bình
HD0300437,2025-03-11 12:32,Xà phòng Lifebuoy bánh,SP038,5,11000,55000,NV029,Chuyển khoản,KH761,Đắk Nông
HD0300438,2025-03-01 12:31,Băng keo trong 5cm,SP062,4,10000,40000,NV033,Chuyển khoản,KH093,Hậu Giang
HD0300439,2025-03-16 09:27,Nước xả Comfort,SP040,8,52000,416000,NV017,ZaloPay,KH041,Thừa Thiên Huế
HD0300440,2025-03-13 05:02,Sữa tươi Vinamilk không đường 180ml,SP008,7,6500,45500,NV004,MoMo,KH013,Vĩnh Phúc
HD0300441,2025-03-14 15:15,Miếng lót chuột nhỏ,SP078,4,12000,48000,NV025,ZaloPay,KH011,Hà Nam
HD0300442,2025-03-08 06:40,Nước rửa tay Lifebuoy,SP036,10,25000,250000,NV039,Thẻ,KH722,Phú Yên
HD0300443,2025-03-07 00:14,Dao rọc giấy nhỏ,SP061,7,8000,56000,NV025,Chuyển khoản,,Sóc Trăng
HD0300444,2025-03-14 10:36,Bột nêm Knorr 400g,SP097,9,35000,315000,NV012,MoMo,KH240,Đồng Nai
HD0300445,2025-03-10 03:31,Thước kẻ 20cm,SP065,3,6000,18000,NV005,Thẻ,KH201,Tuyên Quang
HD0300446,2025-03-28 06:37,File còng 4cm,SP082,5,26000,130000,NV019,ZaloPay,KH324,Phú Yên
HD0300447,2025-03-07 06:40,Giấy vệ sinh Bless You 10 cuộn,SP031,5,48000,240000,NV029,MoMo,KH795,Gia Lai
HD0300448,2025-03-22 07:41,Chổi quét bụi mini,SP054,9,21000,189000,NV042,ZaloPay,KH106,Thừa Thiên Huế
HD0300449,2025-03-14 05:36,Sữa tươi Vinamilk có đường 180ml,SP007,1,6500,6500,NV037,Tiền mặt,KH208,Bà Rịa - Vũng Tàu
HD0300450,2025-03-15 18:16,Cafe Nescafe đen đá,SP028,5,17000,85000,NV023,Thẻ,KH292,Vĩnh Phúc
HD0300451,2025-03-09 17:16,Bật lửa gas mini,SP056,2,6000,12000,NV004,Thẻ,,Hà Giang
HD0300452,2025-03-28 05:17,Nước rửa tay Lifebuoy,SP036,7,25000,175000,NV010,MoMo,,Đắk Lắk
HD0300453,2025-03-16 18:23,Kẹo Alpenliebe,SP016,6,5000,30000,NV037,Tiền mặt,KH301,Yên Bái
HD0300454,2025-03-23 03:50,Pin tiểu Panasonic (2 viên),SP060,1,18000,18000,NV033,ZaloPay,,Tuyên Quang
HD0300455,2025-03-12 00:39,Bàn chải P/S,SP032,6,15000,90000,NV019,MoMo,KH656,Đồng Tháp
HD0300456,2025-03-02 19:15,Bột nêm Knorr 400g,SP097,9,35000,315000,NV050,Thẻ,,Đắk Lắk
HD0300457,2025-03-03 08:37,Bìa lá A4,SP083,8,12000,96000,NV013,Chuyển khoản,KH904,Bình Phước
HD0300458,2025-03-04 11:59,Nước xả Comfort,SP040,4,52000,208000,NV049,MoMo,KH839,Vĩnh Long
HD0300459,2025-03-28 13:19,Snack Lay’s vị khoai tây,SP005,10,12000,120000,NV032,Tiền mặt,KH742,Bà Rịa - Vũng Tàu
HD0300460,2025-03-08 15:39,File còng 4cm,SP082,1,26000,26000,NV013,ZaloPay,KH146,Bến Tre
HD0300461,2025-03-23 00:35,Khăn giấy rút Pulppy,SP029,10,22000,220000,NV046,MoMo,KH177,Tuyên Quang
HD0300462,2025-03-07 02:44,Cafe lon Highlands,SP026,5,18000,90000,NV008,Thẻ,,Kiên Giang
HD0300463,2025-03-03 11:51,Mì Omachi xốt spaghetti,SP002,2,11000,22000,NV043,ZaloPay,KH287,Gia Lai
HD0300464,2025-03-20 20:10,Trà xanh không độ,SP019,8,10000,80000,NV043,ZaloPay,KH242,Lâm Đồng
HD0300465,2025-03-26 14:19,Chổi quét bụi mini,SP054,5,21000,105000,NV014,Tiền mặt,KH551,Bình Thuận
HD0300466,2025-03-19 14:11,Miếng lót chuột nhỏ,SP078,7,12000,84000,NV013,ZaloPay,KH280,Bình Thuận
HD0300467,2025-03-14 01:50,Dao kéo nhà bếp,SP071,4,28000,112000,NV009,Tiền mặt,KH712,Hải Dương
HD0300468,2025-03-23 11:26,Nước ngọt Pepsi 390ml,SP021,5,9000,45000,NV004,Thẻ,KH265,Thanh Hóa
HD0300469,2025-03-21 19:40,Trà xanh không độ,SP019,4,10000,40000,NV011,Tiền mặt,,Thừa Thiên Huế
HD0300470,2025-03-22 07:37,Mì Hảo Hảo tôm chua cay,SP001,8,9000,72000,NV038,MoMo,KH291,Kon Tum
HD0300471,2025-03-20 13:08,Tập vở 200 trang,SP064,7,14000,98000,NV038,MoMo,KH666,Bến Tre
HD0300472,2025-03-14 12:29,Cafe lon Highlands,SP026,6,18000,108000,NV042,Thẻ,,Phú Thọ
HD0300473,2025-03-13 20:05,Trứng gà CP hộp 10 quả,SP046,9,33000,297000,NV046,Tiền mặt,KH410,Đắk Lắk
HD0300474,2025-03-05 09:34,Gôm Pentel,SP066,8,4000,32000,NV029,ZaloPay,KH006,Thái Nguyên
HD0300475,2025-03-07 14:58,Tai nghe nhét tai giá rẻ,SP058,3,35000,105000,NV042,Tiền mặt,KH720,Lào Cai
HD0300476,2025-03-11 09:53,Sữa rửa mặt Hazeline nghệ,SP034,6,34000,204000,NV024,ZaloPay,KH754,Phú Yên
HD0300477,2025-03-18 20:10,Dụng cụ cắt móng tay,SP094,4,17000,68000,NV024,Chuyển khoản,KH055,Quảng Trị
HD0300478,2025-03-06 02:09,Gia vị nấu bún bò Huế,SP100,4,24000,96000,NV044,Thẻ,KH530,Hòa Bình
HD0300479,2025-03-23 03:32,Miếng lót chuột nhỏ,SP078,3,12000,36000,NV037,Thẻ,KH793,Lai Châu
HD0300480,2025-03-10 09:38,Muối i-ốt 500g,SP043,5,7000,35000,NV047,MoMo,,Quảng Nam
HD0300481,2025-03-15 06:26,Cáp sạc Type-C,SP077,9,30000,270000,NV011,Chuyển khoản,KH101,Hải Phòng
HD0300482,2025-03-22 14:33,Khăn giấy ướt Bobby,SP030,8,22000,176000,NV028,Thẻ,KH419,Lạng Sơn
HD0300483,2025-03-22 21:25,Trứng gà CP hộp 10 quả,SP046,3,33000,99000,NV035,Tiền mặt,KH402,Đắk Nông
HD0300484,2025-03-11 01:37,Chổi quét bụi mini,SP054,1,21000,21000,NV026,ZaloPay,KH800,Nghệ An
HD0300485,2025-03-13 13:32,Giấy note 3x3,SP070,10,3000,30000,NV036,Thẻ,KH243,Trà Vinh
HD0300486,2025-03-16 14:16,Giấy in A4 Double A,SP085,1,68000,68000,NV011,Thẻ,KH175,Hà Nam
HD0300487,2025-03-10 01:04,Nước xịt phòng hương lavender,SP092,1,42000,42000,NV038,ZaloPay,KH578,Đồng Nai
HD0300488,2025-03-03 09:19,Balo laptop chống sốc,SP074,9,140000,1260000,NV043,Thẻ,KH400,Bình Phước
HD0300489,2025-03-10 05:29,Giấy decal in A4,SP086,8,19000,152000,NV014,MoMo,KH225,Quảng Ninh
HD0300490,2025-03-10 19:52,Nước suối Aquafina 500ml,SP017,6,7000,42000,NV044,Thẻ,KH387,Phú Thọ
HD0300491,2025-03-25 04:49,Sữa tươi Vinamilk có đường 180ml,SP007,5,6500,32500,NV027,Chuyển khoản,KH729,Bình Định
HD0300492,2025-03-24 17:02,Nước suối Aquafina 500ml,SP017,7,7000,49000,NV001,ZaloPay,KH182,Đắk Lắk
HD0300493,2025-03-22 12:15,Thước kẻ 20cm,SP065,7,6000,42000,NV041,MoMo,KH372,Kon Tum
HD0300494,2025-03-13 02:25,Khăn giấy rút Pulppy,SP029,8,22000,176000,NV027,ZaloPay,KH803,Bình Định
HD0300495,2025-03-14 11:55,Thùng rác nhựa 10L,SP055,7,45000,315000,NV049,Tiền mặt,KH450,Hòa Bình
HD0300496,2025-03-28 18:47,Dao kéo nhà bếp,SP071,7,28000,196000,NV044,Thẻ,KH802,Long An
HD0300497,2025-03-19 04:54,Snack Oishi tôm cay,SP006,4,10000,40000,NV006,MoMo,,Sơn La
HD0300498,2025-03-18 16:31,Dầu gội Clear Men 170g,SP035,5,46000,230000,NV024,Chuyển khoản,,Ninh Bình
HD0300499,2025-03-13 02:08,Sting dâu 330ml,SP023,5,10000,50000,NV022,ZaloPay,,Gia Lai
HD0300500,2025-03-20 12:11,Bánh gạo One One,SP014,3,10000,30000,NV041,Chuyển khoản,KH104,Tiền Giang
HD0300501,2025-03-26 01:37,Túi zipper đựng đồ,SP080,10,10000,100000,NV026,MoMo,KH449,Điện Biên
HD0300502,2025-03-09 02:21,Trứng gà CP hộp 10 quả,SP046,3,33000,99000,NV012,Chuyển khoản,KH798,Ninh Bình
HD0300503,2025-03-06 22:23,Nước ép cam Twister,SP020,1,11000,11000,NV048,Tiền mặt,,Hà Tĩnh
HD0300504,2025-03-02 17:05,Cafe G7 3in1,SP027,8,16000,128000,NV040,Chuyển khoản,KH975,Tây Ninh
HD0300505,2025-03-05 20:21,Ổ cắm điện 5 lỗ,SP057,8,35000,280000,NV042,ZaloPay,KH342,Bình Phước
HD0300506,2025-03-05 15:24,Tương cà Heinz,SP099,6,17000,102000,NV041,ZaloPay,KH652,Sóc Trăng
HD0300507,2025-03-18 22:39,Bắp rang bơ đóng gói,SP048,6,11000,66000,NV050,Chuyển khoản,KH651,Lạng Sơn
HD0300508,2025-03-13 14:41,Bột giặt Omo 400g,SP039,9,18000,162000,NV023,Chuyển khoản,KH489,TP Hồ Chí Minh
HD0300509,2025-03-13 05:44,Sáp thơm phòng,SP093,2,20000,40000,NV016,Chuyển khoản,KH805,Hưng Yên
HD0300510,2025-03-08 10:46,Thước kẻ 20cm,SP065,6,6000,36000,NV015,Thẻ,KH892,Bình Phước
HD0300511,2025-03-21 22:04,Kem đánh răng P/S 100g,SP033,6,21000,126000,NV048,Thẻ,KH602,Tây Ninh
HD0300512,2025-03-04 21:18,Bánh gạo One One,SP014,2,10000,20000,NV040,MoMo,KH658,Hưng Yên
HD0300513,2025-03-17 02:30,Miếng dán cường lực điện thoại,SP059,4,15000,60000,NV049,Thẻ,KH322,Hà Giang
HD0300514,2025-03-26 14:26,Sữa đặc Ông Thọ,SP010,3,25000,75000,NV009,Thẻ,,Thái Nguyên
HD0300515,2025-03-22 07:37,Bút bi Thiên Long,SP063,3,5000,15000,NV035,MoMo,KH696,Bình Dương
HD0300516,2025-03-19 08:35,Bắp rang bơ đóng gói,SP048,3,11000,33000,NV050,Thẻ,,Đà Nẵng
HD0300517,2025-03-14 17:51,USB 32GB Kingston,SP076,3,110000,330000,NV009,MoMo,KH640,Quảng Ninh
HD0300518,2025-03-22 11:48,Bao cao su OK hộp 3 cái,SP091,9,27000,243000,NV027,MoMo,KH586,Đồng Nai
HD0300519,2025-03-14 04:03,Khay đựng hồ sơ,SP079,4,18000,72000,NV001,Thẻ,KH089,Nghệ An
HD0300520,2025-03-05 05:21,Bộ dao cạo râu Gillette,SP095,10,33000,330000,NV004,ZaloPay,KH746,Thái Bình
HD0300521,2025-03-27 14:23,Ổ cắm điện 5 lỗ,SP057,4,35000,140000,NV008,ZaloPay,KH185,Vĩnh Long
HD0300522,2025-03-23 10:51,Bánh Chocopie Orion,SP012,3,38000,114000,NV035,Tiền mặt,KH793,Đắk Lắk
HD0300523,2025-03-22 14:39,Nước xịt phòng hương lavender,SP092,8,42000,336000,NV033,Chuyển khoản,KH319,Yên Bái
HD0300524,2025-03-23 18:16,Snack Lay’s vị khoai tây,SP005,9,12000,108000,NV001,Tiền mặt,,Đắk Nông
HD0300525,2025-03-23 02:01,Băng keo trong 5cm,SP062,10,10000,100000,NV005,MoMo,KH375,Bình Dương
HD0300526,2025-03-18 18:13,Dao kéo nhà bếp,SP071,5,28000,140000,NV010,Thẻ,KH749,Long An
HD0300527,2025-03-17 21:50,Bàn chải P/S,SP032,8,15000,120000,NV050,Thẻ,,Long An
HD0300528,2025-03-10 19:02,Snack Oishi tôm cay,SP006,9,10000,90000,NV001,ZaloPay,KH887,Hà Nam
HD0300529,2025-03-19 15:58,Nước rửa tay Lifebuoy,SP036,3,25000,75000,NV023,ZaloPay,KH782,Hải Phòng
HD0300530,2025-03-22 04:14,Kẹo Alpenliebe,SP016,9,5000,45000,NV043,Chuyển khoản,KH743,Hưng Yên
HD0300531,2025-03-14 18:19,Coca-Cola lon 330ml,SP022,2,9000,18000,NV032,Chuyển khoản,,Hòa Bình
HD0300532,2025-03-28 23:30,Nước lau sàn Gift,SP037,3,31000,93000,NV010,ZaloPay,,Thái Bình
HD0300533,2025-03-19 02:52,Ổ cắm điện 5 lỗ,SP057,1,35000,35000,NV045,Chuyển khoản,KH147,Đắk Lắk
HD0300534,2025-03-10 08:36,Thùng rác nhựa 10L,SP055,5,45000,225000,NV018,ZaloPay,KH543,Tiền Giang
HD0300535,2025-03-04 11:34,Bắp rang bơ đóng gói,SP048,1,11000,11000,NV048,Thẻ,KH098,Tây Ninh
HD0300536,2025-03-09 20:34,Bắp rang bơ đóng gói,SP048,3,11000,33000,NV032,Thẻ,,Bình Dương
HD0300537,2025-03-10 16:08,Sữa đậu nành Fami,SP011,8,6000,48000,NV050,MoMo,,Đồng Nai
HD0300538,2025-03-01 22:36,Miếng dán cường lực điện thoại,SP059,5,15000,75000,NV039,Chuyển khoản,,An Giang
HD0300539,2025-03-11 12:23,Nước suối Lavie 500ml,SP018,5,7000,35000,NV036,ZaloPay,KH897,Tiền Giang
HD0300540,2025-03-19 22:14,Bánh quy AFC,SP049,1,16000,16000,NV032,ZaloPay,KH062,Quảng Ninh
HD0300541,2025-03-21 05:52,Snack Oishi tôm cay,SP006,8,10000,80000,NV014,ZaloPay,KH766,Tây Ninh
HD0300542,2025-03-07 03:57,Cafe Nescafe đen đá,SP028,1,17000,17000,NV026,Thẻ,KH161,Đắk Nông
HD0300543,2025-03-02 06:14,Bàn chải P/S,SP032,9,15000,135000,NV030,Tiền mặt,KH380,Thanh Hóa
HD0300544,2025-03-06 06:07,Máy tính Casio FX-580,SP087,1,720000,720000,NV023,Chuyển khoản,KH342,TP Hồ Chí Minh
HD0300545,2025-03-02 22:41,Bánh Pía Sóc Trăng mini,SP051,5,15000,75000,NV037,Thẻ,KH016,Thái Nguyên
HD0300546,2025-03-12 20:27,Dao rọc giấy nhỏ,SP061,10,8000,80000,NV034,Tiền mặt,KH588,Hà Nội
HD0300547,2025-03-11 15:34,Chổi quét bụi mini,SP054,9,21000,189000,NV016,Chuyển khoản,KH471,Đà Nẵng
HD0300548,2025-03-17 00:07,Tương cà Heinz,SP099,1,17000,17000,NV010,Tiền mặt,KH507,Thái Nguyên
HD0300549,2025-03-04 18:47,Giấy note 3x3,SP070,3,3000,9000,NV034,Tiền mặt,,Bạc Liêu
HD0300550,2025-03-09 07:39,Nước lau sàn Gift,SP037,1,31000,31000,NV039,Chuyển khoản,,Bắc Kạn
HD0300551,2025-03-01 22:05,Snack Oishi tôm cay,SP006,3,10000,30000,NV032,Thẻ,KH744,Bình Định
HD0300552,2025-03-12 11:44,Máy sấy tóc mini,SP089,4,95000,380000,NV041,MoMo,KH731,Long An
HD0300553,2025-03-17 20:38,Sữa đậu nành Fami,SP011,8,6000,48000,NV045,Chuyển khoản,KH751,Ninh Thuận
HD0300554,2025-03-07 04:50,Khay đựng hồ sơ,SP079,2,18000,36000,NV019,ZaloPay,KH393,Ninh Bình
HD0300555,2025-03-16 06:04,Chổi lau nhà 360 độ,SP096,1,99000,99000,NV040,ZaloPay,KH617,Quảng Bình
HD0300556,2025-03-07 00:00,Bìa nhựa 2 mặt,SP067,7,8000,56000,NV038,Thẻ,KH461,Đồng Tháp
HD0300557,2025-03-15 17:19,Bắp rang bơ đóng gói,SP048,5,11000,55000,NV021,Tiền mặt,,Quảng Nam
HD0300558,2025-03-18 17:23,Ổ cứng SSD 240GB,SP075,8,620000,4960000,NV028,Thẻ,KH301,Hải Phòng
HD0300559,2025-03-08 00:29,Máy tính Casio FX-580,SP087,8,720000,5760000,NV046,MoMo,KH617,Thái Nguyên
HD0300560,2025-03-20 13:25,Sữa tươi Vinamilk không đường 180ml,SP008,7,6500,45500,NV012,Tiền mặt,KH112,Hưng Yên
HD0300561,2025-03-26 18:23,Kem đánh răng P/S 100g,SP033,9,21000,189000,NV031,Tiền mặt,KH361,TP Hồ Chí Minh
HD0300562,2025-03-20 17:53,Cáp sạc Type-C,SP077,10,30000,300000,NV024,Thẻ,KH386,Tây Ninh
HD0300563,2025-03-14 05:41,Băng keo trong 5cm,SP062,2,10000,20000,NV018,Thẻ,KH212,Hà Tĩnh
HD0300564,2025-03-23 06:10,Đường Biên Hòa 1kg,SP042,5,25000,125000,NV014,Tiền mặt,KH250,Trà Vinh
HD0300565,2025-03-28 12:55,Tai nghe nhét tai giá rẻ,SP058,8,35000,280000,NV035,Thẻ,KH084,Hà Nội
HD0300566,2025-03-07 08:38,Thước kẻ 20cm,SP065,9,6000,54000,NV008,Chuyển khoản,KH297,Tiền Giang
HD0300567,2025-03-23 17:47,Mì Hảo Hảo tôm chua cay,SP001,4,9000,36000,NV042,MoMo,KH992,Thanh Hóa
HD0300568,2025-03-17 02:42,Khẩu trang y tế hộp 50 cái,SP090,2,37000,74000,NV005,MoMo,KH392,Phú Yên
HD0300569,2025-03-05 11:03,Sting dâu 330ml,SP023,9,10000,90000,NV030,ZaloPay,KH517,Hòa Bình
HD0300570,2025-03-08 18:12,Dao kéo nhà bếp,SP071,10,28000,280000,NV042,MoMo,KH208,Ninh Bình
HD0300571,2025-03-27 17:54,Giấy note 3x3,SP070,7,3000,21000,NV038,Chuyển khoản,KH742,Đắk Nông
HD0300572,2025-03-01 19:28,Bật lửa gas mini,SP056,9,6000,54000,NV017,Thẻ,KH317,Bà Rịa - Vũng Tàu
HD0300573,2025-03-12 05:44,Giấy vệ sinh Bless You 10 cuộn,SP031,9,48000,432000,NV021,Chuyển khoản,KH364,Hà Nội
HD0300574,2025-03-08 19:05,Kẹo Alpenliebe,SP016,7,5000,35000,NV046,ZaloPay,,Bắc Giang
HD0300575,2025-03-08 14:10,Dao kéo nhà bếp,SP071,7,28000,196000,NV033,ZaloPay,KH451,Sơn La
HD0300576,2025-03-17 08:25,Miếng lót chuột nhỏ,SP078,6,12000,72000,NV024,MoMo,,Đắk Nông
HD0300577,2025-03-02 23:24,Balo laptop chống sốc,SP074,9,140000,1260000,NV022,Thẻ,KH994,Quảng Ngãi
HD0300578,2025-03-21 13:06,Ổ cứng SSD 240GB,SP075,7,620000,4340000,NV024,Chuyển khoản,KH214,Hà Nội
HD0300579,2025-03-11 12:25,Nước lau sàn Gift,SP037,2,31000,62000,NV039,Tiền mặt,,Bạc Liêu
HD0300580,2025-03-28 21:57,Gôm Pentel,SP066,7,4000,28000,NV009,Chuyển khoản,KH281,Hưng Yên
HD0300581,2025-03-11 06:46,Bánh quy Cosy Marie,SP013,1,15000,15000,NV048,Tiền mặt,KH881,Cần Thơ
HD0300582,2025-03-12 23:54,Trứng gà CP hộp 10 quả,SP046,6,33000,198000,NV030,MoMo,KH532,Quảng Ngãi
HD0300583,2025-03-25 17:41,Thước kẻ 20cm,SP065,6,6000,36000,NV050,Tiền mặt,KH016,Bắc Ninh
HD0300584,2025-03-16 14:03,Snack Lay’s vị khoai tây,SP005,1,12000,12000,NV014,MoMo,KH294,Ninh Bình
HD0300585,2025-03-16 01:29,Bộ dao cạo râu Gillette,SP095,6,33000,198000,NV026,MoMo,KH972,Đồng Tháp
HD0300586,2025-03-23 19:06,Trà xanh không độ,SP019,10,10000,100000,NV002,Thẻ,KH840,Hưng Yên
HD0300587,2025-03-25 12:51,Tương ớt Cholimex,SP098,7,12000,84000,NV009,MoMo,KH530,Quảng Nam
HD0300588,2025-03-06 13:14,Bật lửa gas mini,SP056,3,6000,18000,NV017,ZaloPay,KH001,Bình Thuận
HD0300589,2025-03-06 22:09,Khẩu trang y tế hộp 50 cái,SP090,3,37000,111000,NV047,MoMo,KH541,Nam Định
HD0300590,2025-03-09 12:03,Bánh tráng Tân Nhiên,SP004,5,12000,60000,NV015,Thẻ,KH486,Nam Định
HD0300591,2025-03-10 05:16,Nước xả Comfort,SP040,9,52000,468000,NV028,MoMo,,Gia Lai
HD0300592,2025-03-05 07:25,Nước xịt phòng hương lavender,SP092,8,42000,336000,NV044,Tiền mặt,KH211,Quảng Ngãi
HD0300593,2025-03-01 18:26,Bìa lá A4,SP083,1,12000,12000,NV030,Thẻ,KH343,Nghệ An
HD0300594,2025-03-21 22:54,Bánh gạo One One,SP014,1,10000,10000,NV041,ZaloPay,KH292,Lai Châu
HD0300595,2025-03-23 05:12,Thước kẻ 20cm,SP065,1,6000,6000,NV026,ZaloPay,KH286,Đồng Tháp
HD0300596,2025-03-26 04:40,Ổ cắm điện 3 lỗ,SP088,7,30000,210000,NV040,Thẻ,KH347,Lạng Sơn
HD0300597,2025-03-25 18:29,Thước kẻ 20cm,SP065,9,6000,54000,NV001,Thẻ,KH919,Quảng Trị
HD0300598,2025-03-22 10:52,File còng 4cm,SP082,8,26000,208000,NV025,MoMo,KH409,Ninh Bình
HD0300599,2025-03-11 21:49,Trà xanh không độ,SP019,1,10000,10000,NV011,ZaloPay,KH993,Nam Định
HD0300600,2025-03-04 02:53,Máy sấy tóc mini,SP089,3,95000,285000,NV014,ZaloPay,KH733,Nam Định
HD0300601,2025-03-04 08:42,Bánh mì sandwich Tường An,SP047,10,23000,230000,NV040,MoMo,,Phú Thọ
HD0300602,2025-03-16 22:18,Nước xả Comfort,SP040,3,52000,156000,NV008,Thẻ,KH771,Ninh Thuận
HD0300603,2025-03-09 07:23,Bìa nhựa 2 mặt,SP067,6,8000,48000,NV038,MoMo,KH750,Tiền Giang
HD0300604,2025-03-24 11:37,Nến thơm mini,SP053,10,25000,250000,NV011,ZaloPay,KH465,Bà Rịa - Vũng Tàu
HD0300605,2025-03-11 14:16,Bánh tráng cuốn mè,SP050,8,17000,136000,NV030,Tiền mặt,KH812,Hậu Giang
HD0300606,2025-03-08 17:04,Phở ăn liền Vifon,SP003,1,8500,8500,NV046,ZaloPay,KH018,Sóc Trăng
HD0300607,2025-03-24 06:37,Tập vở 200 trang,SP064,10,14000,140000,NV029,Thẻ,,Vĩnh Phúc
HD0300608,2025-03-05 02:05,Nước mắm Nam Ngư 500ml,SP041,4,18000,72000,NV032,Chuyển khoản,KH582,Đắk Nông
HD0300609,2025-03-26 02:29,Chổi quét bụi mini,SP054,6,21000,126000,NV009,Chuyển khoản,KH803,Điện Biên
HD0300610,2025-03-27 03:50,Trà sữa C2,SP025,1,9000,9000,NV028,ZaloPay,KH386,TP Hồ Chí Minh
HD0300611,2025-03-18 05:06,Coca-Cola lon 330ml,SP022,9,9000,81000,NV019,Tiền mặt,KH619,Ninh Bình
HD0300612,2025-03-13 13:48,Nến thơm mini,SP053,3,25000,75000,NV001,Chuyển khoản,KH544,Hải Phòng
HD0300613,2025-03-07 06:49,Sữa chua uống Probi,SP009,9,7000,63000,NV045,Thẻ,,Bình Định
HD0300614,2025-03-28 07:43,Thùng rác nhựa 10L,SP055,1,45000,45000,NV022,Chuyển khoản,KH189,Bắc Ninh
HD0300615,2025-03-03 18:50,Tương cà Heinz,SP099,10,17000,170000,NV016,Tiền mặt,KH419,Tây Ninh
HD0300616,2025-03-09 08:19,Nước ép cam Twister,SP020,3,11000,33000,NV033,ZaloPay,KH008,Tây Ninh
HD0300617,2025-03-28 13:37,Bật lửa gas mini,SP056,3,6000,18000,NV030,ZaloPay,KH238,Quảng Bình
HD0300618,2025-03-27 09:48,Trà lipton túi lọc hộp 25 gói,SP052,2,42000,84000,NV004,Chuyển khoản,,Trà Vinh
HD0300619,2025-03-06 08:01,Mì Omachi xốt spaghetti,SP002,2,11000,22000,NV017,Thẻ,,Bình Phước
HD0300620,2025-03-25 01:52,Sữa đậu nành Fami,SP011,1,6000,6000,NV039,Tiền mặt,KH305,Khánh Hòa
HD0300621,2025-03-03 03:48,Kẹp giấy lớn,SP069,8,5000,40000,NV014,Tiền mặt,KH146,Bình Dương
HD0300622,2025-03-23 14:10,Bánh gạo One One,SP014,4,10000,40000,NV007,Tiền mặt,KH767,Bình Thuận
HD0300623,2025-03-21 19:54,Bánh quy AFC,SP049,3,16000,48000,NV040,MoMo,,Cao Bằng
HD0300624,2025-03-05 19:38,Bút bi Thiên Long,SP063,3,5000,15000,NV034,Chuyển khoản,KH324,Cần Thơ
HD0300625,2025-03-25 18:26,Gia vị nấu bún bò Huế,SP100,10,24000,240000,NV006,Tiền mặt,,Bình Dương
HD0300626,2025-03-21 21:21,Miếng lót chuột nhỏ,SP078,6,12000,72000,NV037,Chuyển khoản,KH735,Bà Rịa - Vũng Tàu
HD0300627,2025-03-08 00:51,Nước ép cam Twister,SP020,10,11000,110000,NV007,Tiền mặt,KH366,Sơn La
HD0300628,2025-03-13 21:48,USB 32GB Kingston,SP076,2,110000,220000,NV025,ZaloPay,KH648,Ninh Thuận
HD0300629,2025-03-25 16:57,Pin tiểu Panasonic (2 viên),SP060,1,18000,18000,NV048,Chuyển khoản,KH512,Thái Nguyên
HD0300630,2025-03-26 11:45,Nước suối Aquafina 500ml,SP017,8,7000,56000,NV012,MoMo,KH303,Điện Biên
HD0300631,2025-03-07 00:16,Nước ép cam Twister,SP020,7,11000,77000,NV007,ZaloPay,KH256,Đà Nẵng
HD0300632,2025-03-11 18:45,Cáp sạc Type-C,SP077,10,30000,300000,NV016,ZaloPay,KH416,Yên Bái
HD0300633,2025-03-14 16:15,Xà phòng Lifebuoy bánh,SP038,1,11000,11000,NV037,ZaloPay,KH501,Long An
HD0300634,2025-03-11 18:35,Snack Oishi tôm cay,SP006,4,10000,40000,NV015,ZaloPay,KH110,Bình Dương
HD0300635,2025-03-27 13:29,Bao cao su OK hộp 3 cái,SP091,9,27000,243000,NV011,Chuyển khoản,KH820,Cà Mau
HD0300636,2025-03-05 20:50,Sữa đậu nành Fami,SP011,6,6000,36000,NV046,MoMo,KH009,Sơn La
HD0300637,2025-03-10 12:45,Bút bi Thiên Long,SP063,10,5000,50000,NV030,ZaloPay,KH525,TP Hồ Chí Minh
HD0300638,2025-03-01 22:02,Sữa đặc Ông Thọ,SP010,7,25000,175000,NV026,Chuyển khoản,,Hà Nam
HD0300639,2025-03-24 11:29,Gạo ST25 2kg,SP045,3,68000,204000,NV027,Chuyển khoản,KH177,Đắk Nông
HD0300640,2025-03-02 17:59,Bút chì gỗ HB,SP068,4,7000,28000,NV006,ZaloPay,,Hà Giang
HD0300641,2025-03-28 04:13,Bút bi Thiên Long,SP063,8,5000,40000,NV039,ZaloPay,KH422,Đắk Lắk
HD0300642,2025-03-18 14:26,Sữa rửa mặt Hazeline nghệ,SP034,4,34000,136000,NV044,MoMo,KH077,Tây Ninh
HD0300643,2025-03-26 08:15,Giấy vệ sinh Bless You 10 cuộn,SP031,3,48000,144000,NV004,ZaloPay,KH293,Hà Nam
HD0300644,2025-03-05 17:54,Sữa tươi Vinamilk không đường 180ml,SP008,6,6500,39000,NV011,Tiền mặt,KH410,Bắc Giang
HD0300645,2025-03-20 09:27,Khăn giấy rút Pulppy,SP029,4,22000,88000,NV006,Chuyển khoản,KH405,Thừa Thiên Huế
HD0300646,2025-03-28 20:06,Sữa đậu nành Fami,SP011,9,6000,54000,NV039,ZaloPay,KH061,Thái Bình
HD0300647,2025-03-25 11:19,Miếng lót chuột nhỏ,SP078,9,12000,108000,NV009,MoMo,KH928,Cần Thơ
HD0300648,2025-03-11 04:49,Bánh quy AFC,SP049,5,16000,80000,NV042,ZaloPay,,Tiền Giang
HD0300649,2025-03-01 14:37,Gia vị nấu bún bò Huế,SP100,9,24000,216000,NV011,Thẻ,KH279,Quảng Nam
HD0300650,2025-03-02 15:12,Giấy decal in A4,SP086,7,19000,133000,NV049,Tiền mặt,,Đồng Nai
HD0300651,2025-03-05 05:25,Kẹo cao su Doublemint,SP015,7,6000,42000,NV003,Tiền mặt,KH331,Hà Nam
HD0300652,2025-03-26 10:59,Bánh Pía Sóc Trăng mini,SP051,6,15000,90000,NV031,Tiền mặt,KH805,Quảng Ngãi
HD0300653,2025-03-09 11:10,Bút bi Thiên Long,SP063,7,5000,35000,NV009,MoMo,KH671,Điện Biên
HD0300654,2025-03-18 11:00,Bánh quy Cosy Marie,SP013,5,15000,75000,NV020,ZaloPay,KH225,Điện Biên
HD0300655,2025-03-12 21:59,Sữa rửa mặt Hazeline nghệ,SP034,9,34000,306000,NV041,Thẻ,KH376,Thái Nguyên
HD0300656,2025-03-26 06:45,Tương cà Heinz,SP099,8,17000,136000,NV015,ZaloPay,KH736,Bạc Liêu
HD0300657,2025-03-25 10:51,Băng keo trong 5cm,SP062,3,10000,30000,NV007,ZaloPay,KH284,Tuyên Quang
HD0300658,2025-03-14 18:32,Mì Omachi xốt spaghetti,SP002,4,11000,44000,NV037,Thẻ,,Hải Phòng
HD0300659,2025-03-19 10:34,Kẹo Alpenliebe,SP016,7,5000,35000,NV003,ZaloPay,,Long An
HD0300660,2025-03-14 23:44,Ổ cắm điện 5 lỗ,SP057,3,35000,105000,NV025,Tiền mặt,KH146,Lai Châu
HD0300661,2025-03-22 19:49,Tập vở 200 trang,SP064,1,14000,14000,NV050,Chuyển khoản,KH066,Thái Bình
HD0300662,2025-03-01 04:57,Nước xả Comfort,SP040,7,52000,364000,NV039,MoMo,KH045,Yên Bái
HD0300663,2025-03-22 11:34,Sữa đậu nành Fami,SP011,2,6000,12000,NV005,ZaloPay,KH180,Điện Biên
HD0300664,2025-03-09 13:39,Bìa còng A4,SP081,7,22000,154000,NV036,Chuyển khoản,KH627,TP Hồ Chí Minh
HD0300665,2025-03-21 21:17,Khẩu trang y tế hộp 50 cái,SP090,4,37000,148000,NV013,MoMo,,Hà Tĩnh
HD0300666,2025-03-26 01:12,Sữa tươi Vinamilk không đường 180ml,SP008,5,6500,32500,NV002,ZaloPay,KH791,TP Hồ Chí Minh
HD0300667,2025-03-25 14:32,Bánh tráng cuốn mè,SP050,9,17000,153000,NV020,Tiền mặt,KH957,Bình Định
HD0300668,2025-03-07 10:51,Bánh quy AFC,SP049,3,16000,48000,NV025,Tiền mặt,KH069,Thanh Hóa
HD0300669,2025-03-08 03:34,Snack Lay’s vị khoai tây,SP005,7,12000,84000,NV002,Thẻ,KH436,Đồng Nai
HD0300670,2025-03-28 23:42,Ổ cắm điện 3 lỗ,SP088,10,30000,300000,NV008,ZaloPay,KH549,Đồng Nai
HD0300671,2025-03-11 09:39,Bắp rang bơ đóng gói,SP048,6,11000,66000,NV022,ZaloPay,,Lào Cai
HD0300672,2025-03-16 05:42,Khăn giấy ướt Bobby,SP030,6,22000,132000,NV016,Tiền mặt,,Phú Yên
HD0300673,2025-03-15 02:34,Nước xả Comfort,SP040,6,52000,312000,NV041,ZaloPay,KH663,Đồng Nai
HD0300674,2025-03-28 18:22,Trà sữa C2,SP025,10,9000,90000,NV038,Thẻ,KH162,Sơn La
HD0300675,2025-03-09 09:43,USB 32GB Kingston,SP076,10,110000,1100000,NV031,ZaloPay,KH485,Bến Tre
HD0300676,2025-03-09 10:09,Bìa lá A4,SP083,10,12000,120000,NV048,Thẻ,KH024,Quảng Bình
HD0300677,2025-03-13 18:48,Sữa tươi Vinamilk không đường 180ml,SP008,1,6500,6500,NV036,MoMo,,Quảng Nam
HD0300678,2025-03-13 19:10,Trà lipton túi lọc hộp 25 gói,SP052,3,42000,126000,NV022,Chuyển khoản,KH844,Đồng Nai
HD0300679,2025-03-27 02:10,Tương cà Heinz,SP099,3,17000,51000,NV005,Tiền mặt,KH944,Hậu Giang
HD0300680,2025-03-08 07:35,Bìa nhựa 2 mặt,SP067,6,8000,48000,NV001,Tiền mặt,KH393,Tuyên Quang
HD0300681,2025-03-15 14:52,Bột nêm Knorr 400g,SP097,3,35000,105000,NV050,Chuyển khoản,KH363,Lâm Đồng
HD0300682,2025-03-01 05:33,Sữa rửa mặt Hazeline nghệ,SP034,6,34000,204000,NV001,MoMo,KH967,Hải Dương
HD0300683,2025-03-12 09:09,Kem đánh răng P/S 100g,SP033,4,21000,84000,NV017,MoMo,KH694,Kon Tum
HD0300684,2025-03-27 03:04,Kem đánh răng P/S 100g,SP033,5,21000,105000,NV032,Tiền mặt,,Hòa Bình
HD0300685,2025-03-02 13:30,Tương cà Heinz,SP099,3,17000,51000,NV010,ZaloPay,KH874,Bắc Ninh
HD0300686,2025-03-22 03:07,Cáp sạc Type-C,SP077,8,30000,240000,NV039,Tiền mặt,KH582,Ninh Bình
HD0300687,2025-03-07 06:11,Khăn giấy rút Pulppy,SP029,4,22000,88000,NV003,Tiền mặt,KH171,Sóc Trăng
HD0300688,2025-03-18 09:27,Cáp sạc Type-C,SP077,4,30000,120000,NV006,MoMo,KH305,Bình Thuận
HD0300689,2025-03-20 09:07,Bút bi Thiên Long,SP063,7,5000,35000,NV045,ZaloPay,KH317,Hậu Giang
HD0300690,2025-03-19 15:14,Sữa tươi Vinamilk không đường 180ml,SP008,9,6500,58500,NV049,ZaloPay,KH129,Đắk Nông
HD0300691,2025-03-19 08:48,Cafe lon Highlands,SP026,9,18000,162000,NV023,ZaloPay,KH222,Lâm Đồng
HD0300692,2025-03-06 00:22,Chổi quét bụi mini,SP054,5,21000,105000,NV003,MoMo,KH619,Hà Nam
HD0300693,2025-03-11 13:04,Khăn giấy ướt Bobby,SP030,3,22000,66000,NV018,MoMo,KH414,Đắk Nông
HD0300694,2025-03-08 11:47,Trà lipton túi lọc hộp 25 gói,SP052,2,42000,84000,NV038,Tiền mặt,KH198,Cà Mau
HD0300695,2025-03-07 19:51,Cáp sạc Type-C,SP077,3,30000,90000,NV021,Chuyển khoản,,Cà Mau
HD0300696,2025-03-07 14:20,Túi zipper đựng đồ,SP080,4,10000,40000,NV025,ZaloPay,KH658,Điện Biên
HD0300697,2025-03-08 20:24,Bánh quy Cosy Marie,SP013,10,15000,150000,NV017,Thẻ,KH909,Cà Mau
HD0300698,2025-03-27 16:56,Tương ớt Cholimex,SP098,5,12000,60000,NV028,Tiền mặt,KH613,Nghệ An
HD0300699,2025-03-10 18:53,Bánh quy Cosy Marie,SP013,4,15000,60000,NV013,Tiền mặt,KH909,Khánh Hòa
HD0300700,2025-03-18 20:16,Gia vị nấu bún bò Huế,SP100,3,24000,72000,NV010,Tiền mặt,KH425,An Giang
HD0300701,2025-03-12 23:14,Bánh quy AFC,SP049,3,16000,48000,NV010,Chuyển khoản,,Điện Biên
HD0300702,2025-03-27 03:46,Mì Omachi xốt spaghetti,SP002,10,11000,110000,NV027,Tiền mặt,KH161,Hưng Yên
HD0300703,2025-03-18 20:45,Bật lửa gas mini,SP056,7,6000,42000,NV034,Tiền mặt,KH427,Long An
HD0300704,2025-03-02 16:00,Bìa còng A4,SP081,10,22000,220000,NV008,MoMo,,Kiên Giang
HD0300705,2025-03-12 23:45,Bật lửa gas mini,SP056,1,6000,6000,NV041,Tiền mặt,,Quảng Bình
HD0300706,2025-03-21 02:09,Nước xịt phòng hương lavender,SP092,9,42000,378000,NV042,Thẻ,KH387,Hải Dương
HD0300707,2025-03-07 00:00,Giấy decal in A4,SP086,9,19000,171000,NV036,Thẻ,KH086,Quảng Ninh
HD0300708,2025-03-25 09:19,Tai nghe nhét tai giá rẻ,SP058,4,35000,140000,NV025,ZaloPay,KH767,Thừa Thiên Huế
HD0300709,2025-03-03 14:45,Nước suối Aquafina 500ml,SP017,8,7000,56000,NV040,Chuyển khoản,KH151,Thanh Hóa
HD0300710,2025-03-08 07:10,Sữa tươi Vinamilk có đường 180ml,SP007,9,6500,58500,NV041,Tiền mặt,KH042,Bình Thuận
HD0300711,2025-03-14 18:01,Nước ép cam Twister,SP020,7,11000,77000,NV036,MoMo,KH394,Thừa Thiên Huế
HD0300712,2025-03-17 16:44,Nước xả Comfort,SP040,1,52000,52000,NV019,Tiền mặt,KH647,Lâm Đồng
HD0300713,2025-03-27 02:53,Nước rửa tay Lifebuoy,SP036,4,25000,100000,NV012,Chuyển khoản,KH225,Bình Định
HD0300714,2025-03-23 11:51,Khăn giấy rút Pulppy,SP029,3,22000,66000,NV011,MoMo,KH387,Bình Thuận
HD0300715,2025-03-09 18:39,Nước suối Aquafina 500ml,SP017,4,7000,28000,NV028,Chuyển khoản,KH968,Gia Lai
HD0300716,2025-03-22 19:13,Redbull Thái Lan 250ml,SP024,7,12000,84000,NV038,ZaloPay,KH749,Thái Bình
HD0300717,2025-03-17 12:17,Túi zipper đựng đồ,SP080,2,10000,20000,NV006,Tiền mặt,KH943,Quảng Ninh
HD0300718,2025-03-26 13:44,Kẹp bướm 32mm,SP084,3,5000,15000,NV019,MoMo,KH854,Đắk Nông
HD0300719,2025-03-11 15:55,Thước kẻ 20cm,SP065,1,6000,6000,NV029,Tiền mặt,KH024,Quảng Bình
HD0300720,2025-03-09 22:45,Giấy note 3x3,SP070,8,3000,24000,NV041,ZaloPay,,Bình Phước
HD0300721,2025-03-04 10:19,Nước mắm Nam Ngư 500ml,SP041,5,18000,90000,NV012,ZaloPay,KH929,Hải Phòng
HD0300722,2025-03-17 00:02,Dầu gội Clear Men 170g,SP035,5,46000,230000,NV018,Chuyển khoản,KH801,Kon Tum
HD0300723,2025-03-16 21:18,Bình nước giữ nhiệt 500ml,SP072,8,65000,520000,NV045,Tiền mặt,KH388,Thái Bình
HD0300724,2025-03-21 14:34,Trà sữa C2,SP025,4,9000,36000,NV007,Tiền mặt,KH942,Tây Ninh
HD0300725,2025-03-17 19:44,Máy sấy tóc mini,SP089,5,95000,475000,NV049,Tiền mặt,KH407,Vĩnh Long
HD0300726,2025-03-12 16:10,Sữa rửa mặt Hazeline nghệ,SP034,1,34000,34000,NV029,Chuyển khoản,KH846,Gia Lai
HD0300727,2025-03-16 18:25,Sting dâu 330ml,SP023,9,10000,90000,NV021,ZaloPay,KH339,Hà Tĩnh
HD0300728,2025-03-13 23:42,Mì Hảo Hảo tôm chua cay,SP001,6,9000,54000,NV002,Thẻ,KH379,Nghệ An
HD0300729,2025-03-26 17:11,Bút chì gỗ HB,SP068,4,7000,28000,NV004,Tiền mặt,KH820,Bắc Kạn
HD0300730,2025-03-13 12:52,Snack Oishi tôm cay,SP006,3,10000,30000,NV002,ZaloPay,KH736,Sóc Trăng
HD0300731,2025-03-23 20:32,Tương cà Heinz,SP099,1,17000,17000,NV021,Tiền mặt,KH441,Tuyên Quang
HD0300732,2025-03-17 22:26,Xà phòng Lifebuoy bánh,SP038,1,11000,11000,NV021,MoMo,KH189,Vĩnh Phúc
HD0300733,2025-03-09 10:46,Cáp sạc Type-C,SP077,10,30000,300000,NV007,Chuyển khoản,KH394,Đắk Lắk
HD0300734,2025-03-05 05:05,File còng 4cm,SP082,10,26000,260000,NV026,Chuyển khoản,,Lai Châu
HD0300735,2025-03-06 02:41,Cafe G7 3in1,SP027,10,16000,160000,NV030,ZaloPay,KH459,Yên Bái
HD0300736,2025-03-11 23:23,Nước ngọt Pepsi 390ml,SP021,10,9000,90000,NV019,ZaloPay,KH390,Quảng Ninh
HD0300737,2025-03-03 20:04,Bánh quy Cosy Marie,SP013,8,15000,120000,NV032,Thẻ,KH586,Phú Thọ
HD0300738,2025-03-21 01:37,Máy tính Casio FX-580,SP087,5,720000,3600000,NV016,Chuyển khoản,KH510,Phú Thọ
HD0300739,2025-03-23 20:39,Bánh tráng cuốn mè,SP050,8,17000,136000,NV036,ZaloPay,KH314,Bà Rịa - Vũng Tàu
HD0300740,2025-03-15 23:39,Kẹp giấy lớn,SP069,7,5000,35000,NV028,ZaloPay,KH874,Nghệ An
HD0300741,2025-03-03 02:32,Nước ngọt Pepsi 390ml,SP021,8,9000,72000,NV037,Thẻ,KH375,Bắc Giang
HD0300742,2025-03-22 02:58,Dầu ăn Tường An 1L,SP044,6,59000,354000,NV038,Tiền mặt,KH480,Sóc Trăng
HD0300743,2025-03-23 02:07,Khẩu trang y tế hộp 50 cái,SP090,2,37000,74000,NV002,ZaloPay,KH904,Hải Dương
HD0300744,2025-03-05 23:55,Máy tính Casio FX-580,SP087,7,720000,5040000,NV001,MoMo,KH300,Vĩnh Long
HD0300745,2025-03-26 09:09,Dầu ăn Tường An 1L,SP044,5,59000,295000,NV035,Tiền mặt,KH808,Bình Định
HD0300746,2025-03-08 20:15,Trứng gà CP hộp 10 quả,SP046,3,33000,99000,NV005,MoMo,KH300,Quảng Ninh
HD0300747,2025-03-26 01:00,Sữa tươi Vinamilk không đường 180ml,SP008,7,6500,45500,NV046,Tiền mặt,KH784,Bắc Ninh
HD0300748,2025-03-28 19:48,Bánh quy Cosy Marie,SP013,2,15000,30000,NV007,ZaloPay,KH199,Sơn La
HD0300749,2025-03-26 23:04,Kem đánh răng P/S 100g,SP033,8,21000,168000,NV006,Chuyển khoản,KH152,Kiên Giang
HD0300750,2025-03-24 04:57,Bật lửa gas mini,SP056,2,6000,12000,NV004,Tiền mặt,KH988,Sơn La
HD0300751,2025-03-18 23:39,Khay đựng hồ sơ,SP079,3,18000,54000,NV032,Chuyển khoản,KH619,Hà Giang
HD0300752,2025-03-19 03:26,Sữa tươi Vinamilk không đường 180ml,SP008,3,6500,19500,NV035,ZaloPay,KH057,Bạc Liêu
HD0300753,2025-03-10 01:19,Giấy decal in A4,SP086,4,19000,76000,NV018,MoMo,KH871,Gia Lai
HD0300754,2025-03-18 13:11,Máy sấy tóc mini,SP089,5,95000,475000,NV025,MoMo,,Cần Thơ
HD0300755,2025-03-11 14:50,Kẹp giấy lớn,SP069,4,5000,20000,NV006,ZaloPay,,Nam Định
HD0300756,2025-03-22 13:29,Mì Hảo Hảo tôm chua cay,SP001,5,9000,45000,NV033,Chuyển khoản,KH229,Hà Nội
HD0300757,2025-03-04 07:24,Cafe G7 3in1,SP027,10,16000,160000,NV046,ZaloPay,,Điện Biên
HD0300758,2025-03-20 20:44,Nước lau sàn Gift,SP037,1,31000,31000,NV044,Tiền mặt,KH686,TP Hồ Chí Minh
HD0300759,2025-03-15 11:30,Ổ cắm điện 5 lỗ,SP057,7,35000,245000,NV022,Tiền mặt,,Lào Cai
HD0300760,2025-03-15 14:45,Giấy decal in A4,SP086,7,19000,133000,NV007,Chuyển khoản,KH870,Quảng Bình
HD0300761,2025-03-01 08:48,Nước xịt phòng hương lavender,SP092,9,42000,378000,NV002,ZaloPay,,Quảng Nam
HD0300762,2025-03-28 16:18,Bánh quy AFC,SP049,10,16000,160000,NV038,MoMo,KH932,Bà Rịa - Vũng Tàu
HD0300763,2025-03-27 06:03,Bánh quy AFC,SP049,3,16000,48000,NV035,Chuyển khoản,KH066,Bà Rịa - Vũng Tàu
HD0300764,2025-03-26 19:31,Giấy in A4 Double A,SP085,5,68000,340000,NV024,Chuyển khoản,,Thái Bình
HD0300765,2025-03-09 17:08,Máy sấy tóc mini,SP089,10,95000,950000,NV049,Thẻ,KH664,Kon Tum
HD0300766,2025-03-14 18:49,Ổ cứng SSD 240GB,SP075,6,620000,3720000,NV022,Tiền mặt,,Cao Bằng
HD0300767,2025-03-09 08:14,Miếng lót chuột nhỏ,SP078,7,12000,84000,NV050,MoMo,KH098,Sơn La
HD0300768,2025-03-02 11:26,Muối i-ốt 500g,SP043,1,7000,7000,NV006,ZaloPay,KH008,Bắc Kạn
HD0300769,2025-03-28 06:48,Bột giặt Omo 400g,SP039,2,18000,36000,NV012,Tiền mặt,KH755,Quảng Ngãi
HD0300770,2025-03-13 11:29,Nước mắm Nam Ngư 500ml,SP041,10,18000,180000,NV020,Tiền mặt,KH597,Tiền Giang
HD0300771,2025-03-04 07:06,Cafe Nescafe đen đá,SP028,10,17000,170000,NV042,Tiền mặt,KH021,Đồng Nai
HD0300772,2025-03-12 14:40,Chổi quét bụi mini,SP054,8,21000,168000,NV018,ZaloPay,KH391,Sóc Trăng
HD0300773,2025-03-02 23:51,Giấy vệ sinh Bless You 10 cuộn,SP031,9,48000,432000,NV014,ZaloPay,KH258,Hòa Bình
HD0300774,2025-03-18 17:08,Sting dâu 330ml,SP023,4,10000,40000,NV001,ZaloPay,KH538,Bến Tre
HD0300775,2025-03-05 01:20,Kem đánh răng P/S 100g,SP033,10,21000,210000,NV026,ZaloPay,KH591,Lào Cai
HD0300776,2025-03-10 07:25,Tai nghe nhét tai giá rẻ,SP058,9,35000,315000,NV030,MoMo,KH805,Hậu Giang
HD0300777,2025-03-23 08:21,Bánh Pía Sóc Trăng mini,SP051,7,15000,105000,NV037,ZaloPay,KH875,Quảng Ninh
HD0300778,2025-03-20 14:39,Bật lửa gas mini,SP056,10,6000,60000,NV027,ZaloPay,KH182,Tuyên Quang
HD0300779,2025-03-07 06:17,Dầu gội Clear Men 170g,SP035,3,46000,138000,NV035,Chuyển khoản,KH963,Sơn La
HD0300780,2025-03-07 01:26,Bánh tráng Tân Nhiên,SP004,7,12000,84000,NV024,MoMo,KH069,Đắk Nông
HD0300781,2025-03-06 11:54,Bánh Pía Sóc Trăng mini,SP051,4,15000,60000,NV021,MoMo,KH711,Đồng Nai
HD0300782,2025-03-02 23:47,Trứng gà CP hộp 10 quả,SP046,5,33000,165000,NV008,Chuyển khoản,KH073,Hòa Bình
HD0300783,2025-03-17 19:47,File còng 4cm,SP082,2,26000,52000,NV039,Thẻ,KH916,Hà Nam
HD0300784,2025-03-18 17:06,Mì Hảo Hảo tôm chua cay,SP001,6,9000,54000,NV025,ZaloPay,KH627,Trà Vinh
HD0300785,2025-03-19 10:02,Ổ cắm điện 3 lỗ,SP088,2,30000,60000,NV008,MoMo,,Sơn La
HD0300786,2025-03-04 15:58,Dụng cụ cắt móng tay,SP094,9,17000,153000,NV005,Thẻ,KH003,Lai Châu
HD0300787,2025-03-23 09:48,Nước ngọt Pepsi 390ml,SP021,7,9000,63000,NV030,Thẻ,KH125,Bắc Giang
HD0300788,2025-03-15 21:22,Tập vở 200 trang,SP064,4,14000,56000,NV046,ZaloPay,KH830,Bắc Ninh
HD0300789,2025-03-02 13:53,Redbull Thái Lan 250ml,SP024,8,12000,96000,NV011,Thẻ,KH635,Hưng Yên
HD0300790,2025-03-16 00:08,Khẩu trang y tế hộp 50 cái,SP090,8,37000,296000,NV023,MoMo,,Yên Bái
HD0300791,2025-03-15 00:39,Bột giặt Omo 400g,SP039,5,18000,90000,NV016,Chuyển khoản,KH813,Ninh Thuận
HD0300792,2025-03-18 17:50,USB 32GB Kingston,SP076,8,110000,880000,NV025,ZaloPay,,Lào Cai
HD0300793,2025-03-07 22:06,Tương cà Heinz,SP099,6,17000,102000,NV001,MoMo,KH730,An Giang
HD0300794,2025-03-15 08:38,Bộ dao cạo râu Gillette,SP095,8,33000,264000,NV036,ZaloPay,KH465,Bạc Liêu
HD0300795,2025-03-18 06:39,Bìa còng A4,SP081,8,22000,176000,NV025,ZaloPay,KH791,Tiền Giang
HD0300796,2025-03-13 22:34,Miếng dán cường lực điện thoại,SP059,5,15000,75000,NV035,Thẻ,KH374,Đồng Nai
HD0300797,2025-03-12 07:38,Trà sữa C2,SP025,10,9000,90000,NV048,MoMo,KH115,Phú Thọ
HD0300798,2025-03-18 11:44,Nước rửa tay Lifebuoy,SP036,7,25000,175000,NV029,MoMo,,Hưng Yên
HD0300799,2025-03-23 21:30,Giấy note 3x3,SP070,1,3000,3000,NV042,MoMo,KH261,Bình Dương
HD0300800,2025-03-15 14:22,Tập vở 200 trang,SP064,2,14000,28000,NV011,Tiền mặt,KH135,Hải Dương
HD0300801,2025-03-02 08:07,Dụng cụ cắt móng tay,SP094,6,17000,102000,NV029,ZaloPay,KH948,TP Hồ Chí Minh
HD0300802,2025-03-22 20:30,Bánh Chocopie Orion,SP012,5,38000,190000,NV041,ZaloPay,KH708,Gia Lai
HD0300803,2025-03-26 20:01,Bánh mì sandwich Tường An,SP047,2,23000,46000,NV037,MoMo,,Vĩnh Phúc
HD0300804,2025-03-04 11:00,Bột nêm Knorr 400g,SP097,2,35000,70000,NV048,ZaloPay,KH691,Vĩnh Long
HD0300805,2025-03-05 11:28,Giấy note 3x3,SP070,4,3000,12000,NV018,Thẻ,KH730,Vĩnh Long
HD0300806,2025-03-02 14:12,Trà lipton túi lọc hộp 25 gói,SP052,2,42000,84000,NV050,ZaloPay,KH904,Bình Dương
HD0300807,2025-03-27 20:02,Tai nghe nhét tai giá rẻ,SP058,2,35000,70000,NV001,ZaloPay,KH178,Lai Châu
HD0300808,2025-03-25 14:31,Bìa nhựa 2 mặt,SP067,6,8000,48000,NV033,Tiền mặt,KH728,Hưng Yên
HD0300809,2025-03-10 17:06,Sữa đặc Ông Thọ,SP010,3,25000,75000,NV028,Chuyển khoản,KH145,Hà Nội
HD0300810,2025-03-19 14:16,Bìa lá A4,SP083,4,12000,48000,NV016,Thẻ,KH762,Hà Nội
HD0300811,2025-03-14 03:05,File còng 4cm,SP082,7,26000,182000,NV041,MoMo,KH714,Bắc Giang
HD0300812,2025-03-21 03:09,Bánh Chocopie Orion,SP012,10,38000,380000,NV018,MoMo,KH009,Quảng Trị
HD0300813,2025-03-11 21:12,Kẹo cao su Doublemint,SP015,3,6000,18000,NV025,MoMo,,Trà Vinh
HD0300814,2025-03-04 18:43,Tương cà Heinz,SP099,6,17000,102000,NV005,MoMo,KH878,Bình Phước
HD0300815,2025-03-07 08:53,Phở ăn liền Vifon,SP003,8,8500,68000,NV034,ZaloPay,KH865,Vĩnh Long
HD0300816,2025-03-15 11:22,Khăn giấy rút Pulppy,SP029,2,22000,44000,NV035,MoMo,KH210,Trà Vinh
HD0300817,2025-03-10 00:05,Dao kéo nhà bếp,SP071,8,28000,224000,NV039,Thẻ,,Hải Dương
HD0300818,2025-03-07 16:12,Thước kẻ 20cm,SP065,7,6000,42000,NV034,MoMo,KH556,Lai Châu
HD0300819,2025-03-16 22:08,Bìa còng A4,SP081,2,22000,44000,NV040,MoMo,KH733,Yên Bái
HD0300820,2025-03-07 23:24,Bột giặt Omo 400g,SP039,5,18000,90000,NV029,Chuyển khoản,KH991,Hà Nội
HD0300821,2025-03-20 11:59,Sáp thơm phòng,SP093,7,20000,140000,NV029,MoMo,KH779,Quảng Nam
HD0300822,2025-03-12 09:24,Trà xanh không độ,SP019,5,10000,50000,NV033,Tiền mặt,KH409,Hưng Yên
HD0300823,2025-03-18 00:31,USB 32GB Kingston,SP076,3,110000,330000,NV008,ZaloPay,KH817,Đắk Lắk
HD0300824,2025-03-07 13:17,Gạo ST25 2kg,SP045,3,68000,204000,NV043,Chuyển khoản,,Quảng Ngãi
HD0300825,2025-03-24 02:50,Bánh mì sandwich Tường An,SP047,8,23000,184000,NV003,Thẻ,KH001,Bà Rịa - Vũng Tàu
HD0300826,2025-03-27 01:04,Bật lửa gas mini,SP056,5,6000,30000,NV028,ZaloPay,KH917,Bạc Liêu
HD0300827,2025-03-14 21:25,Thước kẻ 20cm,SP065,8,6000,48000,NV050,Chuyển khoản,KH888,Thanh Hóa
HD0300828,2025-03-07 11:39,Bật lửa gas mini,SP056,3,6000,18000,NV027,ZaloPay,KH206,Vĩnh Long
HD0300829,2025-03-27 07:45,Snack Lay’s vị khoai tây,SP005,9,12000,108000,NV015,Thẻ,KH495,Hà Nam
HD0300830,2025-03-14 10:04,Khay đựng hồ sơ,SP079,8,18000,144000,NV039,Tiền mặt,KH976,Bà Rịa - Vũng Tàu
HD0300831,2025-03-15 02:31,Giấy vệ sinh Bless You 10 cuộn,SP031,1,48000,48000,NV018,MoMo,,Phú Thọ
HD0300832,2025-03-21 06:06,Tai nghe nhét tai giá rẻ,SP058,8,35000,280000,NV050,ZaloPay,KH616,Lai Châu
HD0300833,2025-03-17 17:55,Nước xả Comfort,SP040,8,52000,416000,NV026,ZaloPay,KH009,Hải Dương
HD0300834,2025-03-21 12:24,Giấy note 3x3,SP070,2,3000,6000,NV042,Chuyển khoản,KH851,Vĩnh Phúc
HD0300835,2025-03-05 11:34,Balo laptop chống sốc,SP074,10,140000,1400000,NV044,Chuyển khoản,KH321,Yên Bái
HD0300836,2025-03-17 01:13,Bánh Pía Sóc Trăng mini,SP051,6,15000,90000,NV050,MoMo,KH955,Hà Giang
HD0300837,2025-03-13 10:10,Dao rọc giấy nhỏ,SP061,7,8000,56000,NV041,Thẻ,KH638,Hải Dương
HD0300838,2025-03-09 06:50,Thùng rác nhựa 10L,SP055,6,45000,270000,NV017,Thẻ,KH266,Hậu Giang
HD0300839,2025-03-16 02:43,Balo laptop chống sốc,SP074,4,140000,560000,NV048,MoMo,KH117,Long An
HD0300840,2025-03-16 19:43,Ổ cắm điện 5 lỗ,SP057,9,35000,315000,NV033,Chuyển khoản,KH953,Thái Bình
HD0300841,2025-03-15 14:57,Coca-Cola lon 330ml,SP022,1,9000,9000,NV046,Chuyển khoản,,Cao Bằng
HD0300842,2025-03-01 20:57,Sting dâu 330ml,SP023,3,10000,30000,NV003,MoMo,KH649,Ninh Thuận
HD0300843,2025-03-09 05:15,Cafe G7 3in1,SP027,2,16000,32000,NV041,Thẻ,KH745,Tiền Giang
HD0300844,2025-03-16 05:46,Redbull Thái Lan 250ml,SP024,4,12000,48000,NV030,MoMo,KH194,Sơn La
HD0300845,2025-03-16 04:26,Khăn giấy ướt Bobby,SP030,3,22000,66000,NV048,MoMo,KH239,Bến Tre
HD0300846,2025-03-08 09:15,Khay đựng hồ sơ,SP079,2,18000,36000,NV012,ZaloPay,KH991,Lào Cai
HD0300847,2025-03-22 04:19,Gạo ST25 2kg,SP045,1,68000,68000,NV007,Tiền mặt,KH535,Bà Rịa - Vũng Tàu
HD0300848,2025-03-28 23:06,Bìa nhựa 2 mặt,SP067,6,8000,48000,NV029,ZaloPay,KH378,Hải Phòng
HD0300849,2025-03-15 22:41,Bìa nhựa 2 mặt,SP067,2,8000,16000,NV046,ZaloPay,KH580,Gia Lai
HD0300850,2025-03-25 06:47,Redbull Thái Lan 250ml,SP024,1,12000,12000,NV041,MoMo,KH878,Bình Định
HD0300851,2025-03-16 18:03,Bột nêm Knorr 400g,SP097,4,35000,140000,NV029,Chuyển khoản,,Lạng Sơn
HD0300852,2025-03-16 13:15,Trà lipton túi lọc hộp 25 gói,SP052,10,42000,420000,NV027,ZaloPay,KH535,Hải Dương
HD0300853,2025-03-18 05:55,Bánh Chocopie Orion,SP012,3,38000,114000,NV005,ZaloPay,,Vĩnh Phúc
HD0300854,2025-03-16 04:01,Sữa đặc Ông Thọ,SP010,6,25000,150000,NV018,MoMo,KH767,Lai Châu
HD0300855,2025-03-22 16:30,Bút bi Thiên Long,SP063,6,5000,30000,NV029,MoMo,KH752,Lai Châu
HD0300856,2025-03-15 11:42,Bánh quy AFC,SP049,6,16000,96000,NV039,Chuyển khoản,KH659,Bình Thuận
HD0300857,2025-03-14 06:51,Sữa tươi Vinamilk có đường 180ml,SP007,6,6500,39000,NV032,Chuyển khoản,KH427,TP Hồ Chí Minh
HD0300858,2025-03-02 20:57,Bình nước giữ nhiệt 500ml,SP072,3,65000,195000,NV033,Chuyển khoản,KH880,Kiên Giang
HD0300859,2025-03-22 17:36,Sữa tươi Vinamilk không đường 180ml,SP008,4,6500,26000,NV033,Thẻ,KH402,TP Hồ Chí Minh
HD0300860,2025-03-01 07:17,Sữa đậu nành Fami,SP011,1,6000,6000,NV031,ZaloPay,KH558,Hà Giang
HD0300861,2025-03-09 19:07,Dao rọc giấy nhỏ,SP061,5,8000,40000,NV043,MoMo,KH154,Bình Phước
HD0300862,2025-03-20 07:40,Bánh quy AFC,SP049,6,16000,96000,NV041,ZaloPay,,An Giang
HD0300863,2025-03-23 02:52,Coca-Cola lon 330ml,SP022,5,9000,45000,NV038,MoMo,KH288,Thái Bình
HD0300864,2025-03-13 00:52,Gạo ST25 2kg,SP045,2,68000,136000,NV050,MoMo,KH275,Cần Thơ
HD0300865,2025-03-05 00:04,Nước suối Lavie 500ml,SP018,4,7000,28000,NV009,Chuyển khoản,KH287,Quảng Ninh
HD0300866,2025-03-05 14:09,Đường Biên Hòa 1kg,SP042,2,25000,50000,NV039,ZaloPay,KH877,Hà Giang
HD0300867,2025-03-07 00:09,Mì Hảo Hảo tôm chua cay,SP001,8,9000,72000,NV017,MoMo,KH942,Đồng Nai
HD0300868,2025-03-08 19:48,Bánh Pía Sóc Trăng mini,SP051,7,15000,105000,NV017,Tiền mặt,KH301,Bắc Giang
HD0300869,2025-03-01 11:29,Tương cà Heinz,SP099,6,17000,102000,NV027,Tiền mặt,,Thanh Hóa
HD0300870,2025-03-15 20:18,Sữa chua uống Probi,SP009,8,7000,56000,NV043,Chuyển khoản,KH505,Đồng Nai
HD0300871,2025-03-19 07:19,Sáp thơm phòng,SP093,9,20000,180000,NV034,Chuyển khoản,KH455,Tây Ninh
HD0300872,2025-03-12 11:57,Miếng lót chuột nhỏ,SP078,3,12000,36000,NV017,Thẻ,KH190,Bình Thuận
HD0300873,2025-03-15 04:42,Nước mắm Nam Ngư 500ml,SP041,2,18000,36000,NV028,ZaloPay,KH842,Nghệ An
HD0300874,2025-03-05 18:06,Chổi lau nhà 360 độ,SP096,3,99000,297000,NV029,Chuyển khoản,,Điện Biên
HD0300875,2025-03-21 06:42,Dụng cụ cắt móng tay,SP094,10,17000,170000,NV012,ZaloPay,KH773,Bình Thuận
HD0300876,2025-03-18 20:24,Sting dâu 330ml,SP023,3,10000,30000,NV031,Chuyển khoản,KH870,Bạc Liêu
HD0300877,2025-03-06 19:29,Đường Biên Hòa 1kg,SP042,3,25000,75000,NV045,Tiền mặt,KH826,Bắc Ninh
HD0300878,2025-03-11 03:17,Bìa nhựa 2 mặt,SP067,6,8000,48000,NV038,MoMo,KH518,Nam Định
HD0300879,2025-03-10 14:15,Gia vị nấu bún bò Huế,SP100,2,24000,48000,NV015,Chuyển khoản,KH321,Hậu Giang
HD0300880,2025-03-26 17:24,Cafe lon Highlands,SP026,4,18000,72000,NV047,ZaloPay,,Tuyên Quang
HD0300881,2025-03-22 01:25,Cafe G7 3in1,SP027,4,16000,64000,NV032,Thẻ,KH820,Yên Bái
HD0300882,2025-03-07 11:10,Gạo ST25 2kg,SP045,9,68000,612000,NV030,Tiền mặt,KH297,Kiên Giang
HD0300883,2025-03-18 00:39,Bánh quy Cosy Marie,SP013,2,15000,30000,NV035,ZaloPay,KH711,Bình Định
HD0300884,2025-03-08 02:11,Trà lipton túi lọc hộp 25 gói,SP052,7,42000,294000,NV020,MoMo,KH116,Bình Phước
HD0300885,2025-03-26 23:12,Khẩu trang y tế hộp 50 cái,SP090,3,37000,111000,NV032,ZaloPay,KH689,Đồng Nai
HD0300886,2025-03-09 00:17,Thước kẻ 20cm,SP065,5,6000,30000,NV011,Chuyển khoản,KH316,An Giang
HD0300887,2025-03-23 13:46,Cáp sạc Type-C,SP077,9,30000,270000,NV042,Chuyển khoản,,Sơn La
HD0300888,2025-03-09 20:38,Mì Hảo Hảo tôm chua cay,SP001,3,9000,27000,NV037,ZaloPay,KH366,Hưng Yên
HD0300889,2025-03-25 14:49,Dầu gội Clear Men 170g,SP035,9,46000,414000,NV047,Chuyển khoản,KH837,Lào Cai
HD0300890,2025-03-17 08:12,Nước lau sàn Gift,SP037,4,31000,124000,NV036,ZaloPay,KH794,Tiền Giang
HD0300891,2025-03-24 11:01,Bánh Chocopie Orion,SP012,2,38000,76000,NV032,MoMo,KH554,Trà Vinh
HD0300892,2025-03-13 09:51,Bánh tráng cuốn mè,SP050,1,17000,17000,NV043,Tiền mặt,KH480,Lạng Sơn
HD0300893,2025-03-14 07:21,Thùng rác nhựa 10L,SP055,8,45000,360000,NV036,Chuyển khoản,KH211,Hải Phòng
HD0300894,2025-03-16 22:45,Máy tính Casio FX-580,SP087,5,720000,3600000,NV023,Thẻ,KH802,Phú Thọ
HD0300895,2025-03-22 05:44,Cáp sạc Type-C,SP077,6,30000,180000,NV019,MoMo,,Tây Ninh
HD0300896,2025-03-17 01:55,Máy tính Casio FX-580,SP087,10,720000,7200000,NV012,ZaloPay,,Quảng Ngãi
HD0300897,2025-03-28 14:37,Snack Lay’s vị khoai tây,SP005,1,12000,12000,NV019,Thẻ,KH869,Bình Định
HD0300898,2025-03-22 11:22,Trứng gà CP hộp 10 quả,SP046,7,33000,231000,NV011,MoMo,KH681,Bắc Ninh
HD0300899,2025-03-13 21:10,Khay đựng hồ sơ,SP079,8,18000,144000,NV045,Thẻ,KH576,Hà Nội
HD0300900,2025-03-17 17:10,Nước lau sàn Gift,SP037,9,31000,279000,NV042,ZaloPay,KH390,Bình Thuận
HD0300901,2025-03-23 15:47,Sữa đặc Ông Thọ,SP010,9,25000,225000,NV007,Thẻ,KH133,Quảng Ninh
HD0300902,2025-03-15 22:26,Bình nước giữ nhiệt 500ml,SP072,2,65000,130000,NV022,ZaloPay,,Hải Dương
HD0300903,2025-03-17 04:36,Coca-Cola lon 330ml,SP022,9,9000,81000,NV022,Tiền mặt,KH1000,TP Hồ Chí Minh
HD0300904,2025-03-20 04:46,Bánh gạo One One,SP014,2,10000,20000,NV042,Tiền mặt,KH329,Lào Cai
HD0300905,2025-03-01 03:47,Băng keo trong 5cm,SP062,10,10000,100000,NV039,MoMo,KH086,Hà Tĩnh
HD0300906,2025-03-15 10:18,Sữa rửa mặt Hazeline nghệ,SP034,10,34000,340000,NV033,MoMo,KH520,Đồng Tháp
HD0300907,2025-03-25 16:48,Máy sấy tóc mini,SP089,4,95000,380000,NV011,Chuyển khoản,KH408,Đắk Nông
HD0300908,2025-03-20 18:26,Bìa nhựa 2 mặt,SP067,5,8000,40000,NV039,Chuyển khoản,KH420,Hà Nam
HD0300909,2025-03-13 13:25,Redbull Thái Lan 250ml,SP024,9,12000,108000,NV031,Tiền mặt,KH263,Hải Phòng
HD0300910,2025-03-07 09:01,Cáp sạc Type-C,SP077,8,30000,240000,NV012,Thẻ,,Nam Định
HD0300911,2025-03-08 04:47,Kem đánh răng P/S 100g,SP033,6,21000,126000,NV048,MoMo,KH183,Thái Bình
HD0300912,2025-03-05 16:44,Tai nghe nhét tai giá rẻ,SP058,5,35000,175000,NV050,Chuyển khoản,KH871,Sóc Trăng
HD0300913,2025-03-09 15:24,Miếng lót chuột nhỏ,SP078,5,12000,60000,NV036,Tiền mặt,KH074,Quảng Trị
HD0300914,2025-03-05 15:07,Nước suối Aquafina 500ml,SP017,4,7000,28000,NV007,MoMo,KH469,Trà Vinh
HD0300915,2025-03-20 08:53,Bật lửa gas mini,SP056,4,6000,24000,NV034,ZaloPay,,Phú Thọ
HD0300916,2025-03-26 06:47,Snack Lay’s vị khoai tây,SP005,6,12000,72000,NV007,Tiền mặt,KH769,Vĩnh Phúc
HD0300917,2025-03-01 09:31,Tai nghe nhét tai giá rẻ,SP058,7,35000,245000,NV037,Tiền mặt,,Kiên Giang
HD0300918,2025-03-16 19:44,Nước mắm Nam Ngư 500ml,SP041,9,18000,162000,NV016,Chuyển khoản,KH345,Hà Nội
HD0300919,2025-03-20 20:59,Khay đựng hồ sơ,SP079,6,18000,108000,NV016,Thẻ,KH466,Sơn La
HD0300920,2025-03-11 05:48,Snack Oishi tôm cay,SP006,4,10000,40000,NV046,Chuyển khoản,KH990,Bạc Liêu
HD0300921,2025-03-22 22:17,Khăn giấy rút Pulppy,SP029,8,22000,176000,NV026,Thẻ,KH004,Hải Dương
HD0300922,2025-03-22 03:58,Kẹp bướm 32mm,SP084,5,5000,25000,NV004,Thẻ,,Bắc Giang
HD0300923,2025-03-19 23:05,Dao rọc giấy nhỏ,SP061,1,8000,8000,NV046,ZaloPay,KH680,Đồng Nai
HD0300924,2025-03-11 05:02,Bánh gạo One One,SP014,8,10000,80000,NV029,ZaloPay,KH542,Khánh Hòa
HD0300925,2025-03-03 22:50,Băng keo trong 5cm,SP062,3,10000,30000,NV002,Tiền mặt,,Thanh Hóa
HD0300926,2025-03-19 03:44,Bánh quy AFC,SP049,1,16000,16000,NV013,Tiền mặt,KH565,Lâm Đồng
HD0300927,2025-03-22 06:40,Tập vở 200 trang,SP064,5,14000,70000,NV005,Thẻ,KH963,Ninh Bình
HD0300928,2025-03-06 10:50,Bánh mì sandwich Tường An,SP047,3,23000,69000,NV032,Thẻ,KH648,Kon Tum
HD0300929,2025-03-18 09:05,Pin tiểu Panasonic (2 viên),SP060,6,18000,108000,NV022,ZaloPay,,Trà Vinh
HD0300930,2025-03-09 06:58,Gôm Pentel,SP066,4,4000,16000,NV045,Thẻ,KH548,Gia Lai
HD0300931,2025-03-12 00:30,Máy tính Casio FX-580,SP087,6,720000,4320000,NV042,MoMo,KH077,Ninh Bình
HD0300932,2025-03-18 08:33,Máy sấy tóc mini,SP089,8,95000,760000,NV023,MoMo,KH700,Bình Dương
HD0300933,2025-03-08 13:04,Túi zipper đựng đồ,SP080,4,10000,40000,NV034,Chuyển khoản,KH117,TP Hồ Chí Minh
HD0300934,2025-03-01 05:48,Nước suối Aquafina 500ml,SP017,6,7000,42000,NV019,Chuyển khoản,KH970,Thái Bình
HD0300935,2025-03-07 11:36,Trà sữa C2,SP025,10,9000,90000,NV049,Tiền mặt,,Gia Lai
HD0300936,2025-03-02 16:55,Giấy in A4 Double A,SP085,8,68000,544000,NV015,Thẻ,KH724,Đồng Tháp
HD0300937,2025-03-20 08:32,Sữa chua uống Probi,SP009,6,7000,42000,NV032,MoMo,KH749,Cần Thơ
HD0300938,2025-03-07 01:08,Nước suối Aquafina 500ml,SP017,3,7000,21000,NV050,Tiền mặt,KH424,Lâm Đồng
HD0300939,2025-03-20 18:24,Balo laptop chống sốc,SP074,4,140000,560000,NV037,Tiền mặt,KH720,Thanh Hóa
HD0300940,2025-03-06 08:30,Bao cao su OK hộp 3 cái,SP091,9,27000,243000,NV027,Tiền mặt,KH343,Tuyên Quang
HD0300941,2025-03-24 09:12,Nước mắm Nam Ngư 500ml,SP041,1,18000,18000,NV009,Thẻ,KH370,Ninh Bình
HD0300942,2025-03-18 14:36,Tương ớt Cholimex,SP098,3,12000,36000,NV017,MoMo,KH629,Đắk Nông
HD0300943,2025-03-06 18:37,Bánh tráng Tân Nhiên,SP004,1,12000,12000,NV032,Thẻ,KH155,Hải Phòng
HD0300944,2025-03-18 05:25,Bìa còng A4,SP081,4,22000,88000,NV012,Tiền mặt,KH601,Hà Nam
HD0300945,2025-03-01 03:52,Ổ cắm điện 5 lỗ,SP057,1,35000,35000,NV025,Thẻ,KH997,Đồng Tháp
HD0300946,2025-03-18 17:58,Nước xịt phòng hương lavender,SP092,6,42000,252000,NV011,Tiền mặt,KH974,Kiên Giang
HD0300947,2025-03-20 15:20,Băng keo trong 5cm,SP062,8,10000,80000,NV015,Thẻ,KH839,Phú Yên
HD0300948,2025-03-20 04:35,Nước suối Aquafina 500ml,SP017,2,7000,14000,NV021,ZaloPay,KH006,Hà Nội
HD0300949,2025-03-01 20:11,Miếng lót chuột nhỏ,SP078,3,12000,36000,NV013,Tiền mặt,KH503,Tiền Giang
HD0300950,2025-03-11 16:21,Túi zipper đựng đồ,SP080,3,10000,30000,NV024,MoMo,,Hà Nội
HD0300951,2025-03-22 10:41,Trứng gà CP hộp 10 quả,SP046,10,33000,330000,NV042,MoMo,KH927,Tiền Giang
HD0300952,2025-03-19 01:48,Miếng dán cường lực điện thoại,SP059,4,15000,60000,NV012,MoMo,KH516,Quảng Ninh
HD0300953,2025-03-28 16:23,Nước ép cam Twister,SP020,4,11000,44000,NV026,ZaloPay,KH045,Nghệ An
HD0300954,2025-03-28 03:58,Trà xanh không độ,SP019,10,10000,100000,NV025,MoMo,KH539,Quảng Ngãi
HD0300955,2025-03-17 09:14,Sữa đậu nành Fami,SP011,9,6000,54000,NV018,MoMo,KH502,Ninh Thuận
HD0300956,2025-03-09 00:05,Xà phòng Lifebuoy bánh,SP038,1,11000,11000,NV015,Chuyển khoản,KH905,Hà Nội
HD0300957,2025-03-03 15:14,Nước rửa tay Lifebuoy,SP036,1,25000,25000,NV030,Tiền mặt,KH620,Bình Thuận
HD0300958,2025-03-11 16:12,Bột giặt Omo 400g,SP039,10,18000,180000,NV050,ZaloPay,KH765,Quảng Ninh
HD0300959,2025-03-16 21:54,Balo laptop chống sốc,SP074,3,140000,420000,NV030,MoMo,KH816,Bình Thuận
HD0300960,2025-03-17 08:17,Kẹo Alpenliebe,SP016,6,5000,30000,NV019,Tiền mặt,KH925,Bạc Liêu
HD0300961,2025-03-01 08:02,Redbull Thái Lan 250ml,SP024,1,12000,12000,NV017,MoMo,,Hậu Giang
HD0300962,2025-03-24 12:44,Bàn chải P/S,SP032,3,15000,45000,NV015,MoMo,KH968,Bắc Giang
HD0300963,2025-03-11 05:39,Dụng cụ cắt móng tay,SP094,7,17000,119000,NV017,ZaloPay,KH900,Hà Giang
HD0300964,2025-03-22 23:39,Quạt mini USB,SP073,1,32000,32000,NV034,Thẻ,,TP Hồ Chí Minh
HD0300965,2025-03-16 08:16,Balo laptop chống sốc,SP074,2,140000,280000,NV046,MoMo,KH325,Kiên Giang
HD0300966,2025-03-05 22:13,USB 32GB Kingston,SP076,6,110000,660000,NV009,MoMo,KH714,Bắc Kạn
HD0300967,2025-03-08 05:57,Tương ớt Cholimex,SP098,1,12000,12000,NV006,Tiền mặt,KH997,Tuyên Quang
HD0300968,2025-03-02 17:27,Khẩu trang y tế hộp 50 cái,SP090,10,37000,370000,NV015,MoMo,KH655,Quảng Bình
HD0300969,2025-03-24 01:31,Nước mắm Nam Ngư 500ml,SP041,4,18000,72000,NV050,Thẻ,KH486,Sơn La
HD0300970,2025-03-26 21:21,Thước kẻ 20cm,SP065,2,6000,12000,NV048,Thẻ,KH535,Đồng Tháp
HD0300971,2025-03-25 13:33,Sáp thơm phòng,SP093,1,20000,20000,NV010,MoMo,KH702,Vĩnh Long
HD0300972,2025-03-26 02:00,Trà xanh không độ,SP019,5,10000,50000,NV036,ZaloPay,KH250,Quảng Bình
HD0300973,2025-03-27 15:03,Mì Omachi xốt spaghetti,SP002,3,11000,33000,NV012,Thẻ,KH605,Quảng Trị
HD0300974,2025-03-27 05:41,Sữa đậu nành Fami,SP011,9,6000,54000,NV031,Tiền mặt,KH453,Quảng Ninh
HD0300975,2025-03-08 13:50,Xà phòng Lifebuoy bánh,SP038,1,11000,11000,NV029,Chuyển khoản,KH539,TP Hồ Chí Minh
HD0300976,2025-03-19 10:39,Khăn giấy rút Pulppy,SP029,4,22000,88000,NV021,ZaloPay,KH104,Bắc Kạn
HD0300977,2025-03-21 20:07,Phở ăn liền Vifon,SP003,5,8500,42500,NV018,MoMo,KH512,Long An
HD0300978,2025-03-19 15:32,Bìa lá A4,SP083,4,12000,48000,NV023,Chuyển khoản,KH174,Bắc Giang
HD0300979,2025-03-20 19:24,USB 32GB Kingston,SP076,10,110000,1100000,NV035,Thẻ,KH478,Thừa Thiên Huế
HD0300980,2025-03-20 08:38,Kẹp bướm 32mm,SP084,9,5000,45000,NV004,Tiền mặt,KH510,Tây Ninh
HD0300981,2025-03-24 09:41,Xà phòng Lifebuoy bánh,SP038,7,11000,77000,NV041,MoMo,KH509,Đắk Nông
HD0300982,2025-03-16 15:16,Bánh gạo One One,SP014,5,10000,50000,NV007,Chuyển khoản,KH987,Hải Dương
HD0300983,2025-03-20 10:01,Sáp thơm phòng,SP093,6,20000,120000,NV035,Chuyển khoản,KH068,Đà Nẵng
HD0300984,2025-03-17 01:06,Giấy vệ sinh Bless You 10 cuộn,SP031,9,48000,432000,NV040,Thẻ,,Cà Mau
HD0300985,2025-03-02 13:06,Khăn giấy ướt Bobby,SP030,7,22000,154000,NV021,MoMo,,Bình Thuận
HD0300986,2025-03-11 18:28,Sữa đặc Ông Thọ,SP010,5,25000,125000,NV028,Tiền mặt,KH010,Bắc Ninh
HD0300987,2025-03-05 15:04,Trà sữa C2,SP025,6,9000,54000,NV044,Chuyển khoản,,Thừa Thiên Huế
HD0300988,2025-03-28 02:37,Sữa đặc Ông Thọ,SP010,2,25000,50000,NV015,ZaloPay,,Sóc Trăng
HD0300989,2025-03-19 04:31,Sữa tươi Vinamilk có đường 180ml,SP007,3,6500,19500,NV020,Tiền mặt,KH642,Quảng Ngãi
HD0300990,2025-03-12 12:21,Sữa tươi Vinamilk không đường 180ml,SP008,2,6500,13000,NV019,Tiền mặt,KH606,Yên Bái
HD0300991,2025-03-11 14:30,USB 32GB Kingston,SP076,5,110000,550000,NV048,MoMo,,Quảng Bình
HD0300992,2025-03-16 17:00,Bình nước giữ nhiệt 500ml,SP072,2,65000,130000,NV015,Chuyển khoản,,Quảng Bình
HD0300993,2025-03-13 17:21,Nước suối Aquafina 500ml,SP017,5,7000,35000,NV045,MoMo,KH565,Bắc Giang
HD0300994,2025-03-21 21:17,Bột giặt Omo 400g,SP039,8,18000,144000,NV013,Tiền mặt,KH104,Tuyên Quang
HD0300995,2025-03-23 20:21,Bánh Chocopie Orion,SP012,3,38000,114000,NV011,ZaloPay,KH386,Vĩnh Phúc
HD0300996,2025-03-11 20:29,Giấy vệ sinh Bless You 10 cuộn,SP031,6,48000,288000,NV003,Chuyển khoản,KH976,Đắk Lắk
HD0300997,2025-03-16 18:48,Đường Biên Hòa 1kg,SP042,2,25000,50000,NV040,Thẻ,KH061,Thái Bình
HD0300998,2025-03-22 23:03,Bánh Pía Sóc Trăng mini,SP051,3,15000,45000,NV032,MoMo,KH263,Thanh Hóa
HD0300999,2025-03-02 21:59,Khăn giấy ướt Bobby,SP030,5,22000,110000,NV048,Chuyển khoản,KH423,Đắk Lắk
HD0301000,2025-03-24 18:00,Kẹp giấy lớn,SP069,3,5000,15000,NV024,Tiền mặt,KH038,Quảng Ngãi
